month_period,value
2008-01-01,0.0
2008-01-02,0.0
2008-01-03,0.0
2008-01-04,0.0
2008-01-05,0.0
2008-01-06,0.0
2008-01-07,0.0
2008-01-08,61.0
2008-01-09,0.0
2008-01-10,381.0
2008-01-11,0.0
2008-01-12,0.0
2008-01-13,5.0
2008-01-14,0.0
2008-01-15,0.0
2008-01-16,51.0
2008-01-17,0.0
2008-01-18,112.0
2008-01-19,15.0
2008-01-20,0.0
2008-01-21,0.0
2008-01-22,81.0
2008-01-23,38.0
2008-01-24,0.0
2008-01-25,165.0
2008-01-26,15.0
2008-01-27,0.0
2008-01-28,0.0
2008-01-29,112.0
2008-01-30,25.0
2008-01-31,330.0
2008-02-01,0.0
2008-02-02,0.0
2008-02-03,122.0
2008-02-04,0.0
2008-02-05,97.0
2008-02-06,0.0
2008-02-07,0.0
2008-02-08,0.0
2008-02-09,0.0
2008-02-10,0.0
2008-02-11,0.0
2008-02-12,221.0
2008-02-13,0.0
2008-02-14,0.0
2008-02-15,0.0
2008-02-16,267.0
2008-02-17,0.0
2008-02-18,0.0
2008-02-19,0.0
2008-02-20,343.0
2008-02-21,635.0
2008-02-22,0.0
2008-02-23,0.0
2008-02-24,0.0
2008-02-25,33.0
2008-02-26,0.0
2008-02-27,0.0
2008-02-28,0.0
2008-02-29,64.0
2008-03-01,0.0
2008-03-02,0.0
2008-03-03,394.0
2008-03-04,0.0
2008-03-05,56.0
2008-03-06,0.0
2008-03-07,0.0
2008-03-08,0.0
2008-03-09,0.0
2008-03-10,64.0
2008-03-11,0.0
2008-03-12,0.0
2008-03-13,0.0
2008-03-14,0.0
2008-03-15,0.0
2008-03-16,0.0
2008-03-17,0.0
2008-03-18,152.0
2008-03-19,0.0
2008-03-20,0.0
2008-03-21,0.0
2008-03-22,0.0
2008-03-23,0.0
2008-03-24,0.0
2008-03-25,0.0
2008-03-26,0.0
2008-03-27,0.0
2008-03-28,0.0
2008-03-29,0.0
2008-03-30,3.0
2008-03-31,3.0
2008-04-01,503.0
2008-04-02,0.0
2008-04-03,0.0
2008-04-04,488.0
2008-04-05,0.0
2008-04-06,0.0
2008-04-07,0.0
2008-04-08,0.0
2008-04-09,0.0
2008-04-10,10.0
2008-04-11,36.0
2008-04-12,0.0
2008-04-13,0.0
2008-04-14,0.0
2008-04-15,0.0
2008-04-16,0.0
2008-04-17,0.0
2008-04-18,191.0
2008-04-19,0.0
2008-04-20,0.0
2008-04-21,0.0
2008-04-22,0.0
2008-04-23,0.0
2008-04-24,0.0
2008-04-25,140.0
2008-04-26,170.0
2008-04-27,117.0
2008-04-28,0.0
2008-04-29,0.0
2008-04-30,0.0
2008-05-01,0.0
2008-05-02,0.0
2008-05-03,0.0
2008-05-04,0.0
2008-05-05,0.0
2008-05-06,0.0
2008-05-07,0.0
2008-05-08,0.0
2008-05-09,0.0
2008-05-10,0.0
2008-05-11,0.0
2008-05-12,0.0
2008-05-13,30.0
2008-05-14,183.0
2008-05-15,953.0
2008-05-16,0.0
2008-05-17,0.0
2008-05-18,0.0
2008-05-19,0.0
2008-05-20,0.0
2008-05-21,0.0
2008-05-22,660.0
2008-05-23,0.0
2008-05-24,0.0
2008-05-25,25.0
2008-05-26,0.0
2008-05-27,0.0
2008-05-28,673.0
2008-05-29,0.0
2008-05-30,0.0
2008-05-31,114.0
2008-06-01,0.0
2008-06-02,0.0
2008-06-03,0.0
2008-06-04,0.0
2008-06-05,0.0
2008-06-06,0.0
2008-06-07,0.0
2008-06-08,0.0
2008-06-09,0.0
2008-06-10,0.0
2008-06-11,0.0
2008-06-12,10.0
2008-06-13,56.0
2008-06-14,0.0
2008-06-15,0.0
2008-06-16,0.0
2008-06-17,0.0
2008-06-18,0.0
2008-06-19,0.0
2008-06-20,10.0
2008-06-21,0.0
2008-06-22,0.0
2008-06-23,0.0
2008-06-24,15.0
2008-06-25,10.0
2008-06-26,330.0
2008-06-27,5.0
2008-06-28,338.0
2008-06-29,5.0
2008-06-30,0.0
2008-07-01,0.0
2008-07-02,0.0
2008-07-03,0.0
2008-07-04,0.0
2008-07-05,0.0
2008-07-06,61.0
2008-07-07,0.0
2008-07-08,0.0
2008-07-09,5.0
2008-07-10,216.0
2008-07-11,0.0
2008-07-12,0.0
2008-07-13,0.0
2008-07-14,0.0
2008-07-15,0.0
2008-07-16,0.0
2008-07-17,0.0
2008-07-18,0.0
2008-07-19,0.0
2008-07-20,0.0
2008-07-21,0.0
2008-07-22,86.0
2008-07-23,0.0
2008-07-24,0.0
2008-07-25,13.0
2008-07-26,0.0
2008-07-27,0.0
2008-07-28,0.0
2008-07-29,0.0
2008-07-30,0.0
2008-07-31,0.0
2008-08-01,361.0
2008-08-02,107.0
2008-08-03,30.0
2008-08-04,0.0
2008-08-05,0.0
2008-08-06,0.0
2008-08-07,64.0
2008-08-08,0.0
2008-08-09,0.0
2008-08-10,165.0
2008-08-11,241.0
2008-08-12,747.0
2008-08-13,0.0
2008-08-14,0.0
2008-08-15,97.0
2008-08-17,0.0
2008-08-18,58.0
2008-08-19,0.0
2008-08-20,76.0
2008-08-21,91.0
2008-08-22,0.0
2008-08-23,203.0
2008-08-24,287.0
2008-08-25,48.0
2008-08-26,0.0
2008-08-27,0.0
2008-08-28,0.0
2008-08-29,0.0
2008-08-31,0.0
2008-09-01,25.0
2008-09-02,170.0
2008-09-03,554.0
2008-09-04,452.0
2008-09-05,0.0
2008-09-06,0.0
2008-09-07,0.0
2008-09-08,0.0
2008-09-09,20.0
2008-09-10,0.0
2008-09-11,0.0
2008-09-12,0.0
2008-09-13,33.0
2008-09-14,0.0
2008-09-15,155.0
2008-09-16,0.0
2008-09-17,0.0
2008-09-18,0.0
2008-09-19,0.0
2008-09-20,173.0
2008-09-21,5.0
2008-09-22,0.0
2008-09-23,0.0
2008-09-24,0.0
2008-09-25,0.0
2008-09-26,0.0
2008-09-27,0.0
2008-09-28,0.0
2008-09-29,0.0
2008-09-30,0.0
2008-10-01,0.0
2008-10-02,0.0
2008-10-03,0.0
2008-10-04,0.0
2008-10-05,0.0
2008-10-06,0.0
2008-10-07,0.0
2008-10-08,43.0
2008-10-09,0.0
2008-10-10,0.0
2008-10-11,0.0
2008-10-12,0.0
2008-10-13,0.0
2008-10-14,0.0
2008-10-15,0.0
2008-10-16,0.0
2008-10-17,0.0
2008-10-18,0.0
2008-10-19,0.0
2008-10-20,0.0
2008-10-21,0.0
2008-10-22,0.0
2008-10-23,0.0
2008-10-24,173.0
2008-10-25,0.0
2008-10-26,0.0
2008-10-27,0.0
2008-10-28,0.0
2008-10-29,0.0
2008-10-30,0.0
2008-10-31,0.0
2008-11-01,0.0
2008-11-02,0.0
2008-11-03,0.0
2008-11-04,0.0
2008-11-05,0.0
2008-11-06,0.0
2008-11-07,61.0
2008-11-08,30.0
2008-11-09,0.0
2008-11-10,0.0
2008-11-11,0.0
2008-11-12,102.0
2008-11-13,61.0
2008-11-14,0.0
2008-11-15,0.0
2008-11-16,0.0
2008-11-17,0.0
2008-11-18,0.0
2008-11-19,0.0
2008-11-20,0.0
2008-11-21,0.0
2008-11-22,0.0
2008-11-23,0.0
2008-11-24,5.0
2008-11-25,86.0
2008-11-26,0.0
2008-11-27,0.0
2008-11-28,51.0
2008-11-29,533.0
2008-11-30,25.0
2008-12-01,0.0
2008-12-02,0.0
2008-12-03,0.0
2008-12-04,305.0
2008-12-05,0.0
2008-12-06,0.0
2008-12-07,0.0
2008-12-08,5.0
2008-12-09,368.0
2008-12-10,965.0
2008-12-11,292.0
2008-12-12,0.0
2008-12-13,0.0
2008-12-14,0.0
2008-12-15,0.0
2008-12-16,30.0
2008-12-17,132.0
2008-12-18,0.0
2008-12-19,0.0
2008-12-20,0.0
2008-12-21,10.0
2008-12-22,0.0
2008-12-23,0.0
2008-12-24,0.0
2008-12-25,79.0
2008-12-26,84.0
2008-12-27,0.0
2008-12-28,254.0
2008-12-29,5.0
2009-01-01,0.0
2009-01-02,0.0
2009-01-03,0.0
2009-01-04,46.0
2009-01-05,97.0
2009-01-06,150.0
2009-01-07,592.0
2009-01-08,0.0
2009-01-09,0.0
2009-01-10,0.0
2009-01-11,168.0
2009-01-12,0.0
2009-01-13,0.0
2009-01-14,0.0
2009-01-15,0.0
2009-01-16,0.0
2009-01-17,0.0
2009-01-18,30.0
2009-01-19,0.0
2009-01-20,0.0
2009-01-21,0.0
2009-01-22,0.0
2009-01-23,25.0
2009-01-24,0.0
2009-01-25,0.0
2009-01-26,0.0
2009-01-27,0.0
2009-01-28,74.0
2009-01-29,25.0
2009-01-30,0.0
2009-01-31,0.0
2009-02-01,0.0
2009-02-02,102.0
2009-02-03,0.0
2009-02-04,0.0
2009-02-05,0.0
2009-02-06,0.0
2009-02-07,0.0
2009-02-08,0.0
2009-02-09,0.0
2009-02-10,0.0
2009-02-11,0.0
2009-02-12,25.0
2009-02-13,0.0
2009-02-14,406.0
2009-02-15,25.0
2009-02-16,0.0
2009-02-17,0.0
2009-02-18,25.0
2009-02-19,102.0
2009-02-20,0.0
2009-02-21,10.0
2009-02-22,0.0
2009-02-23,0.0
2009-02-24,0.0
2009-02-25,0.0
2009-02-26,0.0
2009-02-27,3.0
2009-02-28,127.0
2009-03-01,64.0
2009-03-02,0.0
2009-03-03,0.0
2009-03-04,0.0
2009-03-05,0.0
2009-03-06,0.0
2009-03-07,0.0
2009-03-08,0.0
2009-03-09,0.0
2009-03-10,0.0
2009-03-11,0.0
2009-03-12,13.0
2009-03-13,140.0
2009-03-14,762.0
2009-03-15,140.0
2009-03-16,102.0
2009-03-17,30.0
2009-03-18,0.0
2009-03-19,0.0
2009-03-20,0.0
2009-03-21,0.0
2009-03-22,0.0
2009-03-23,0.0
2009-03-24,0.0
2009-03-25,254.0
2009-03-26,495.0
2009-03-27,147.0
2009-03-28,165.0
2009-03-29,0.0
2009-03-30,0.0
2009-03-31,0.0
2009-04-01,56.0
2009-04-02,0.0
2009-04-03,20.0
2009-04-04,0.0
2009-04-05,0.0
2009-04-06,0.0
2009-04-07,0.0
2009-04-08,0.0
2009-04-09,0.0
2009-04-10,0.0
2009-04-11,0.0
2009-04-12,0.0
2009-04-13,406.0
2009-04-14,25.0
2009-04-15,0.0
2009-04-16,0.0
2009-04-17,0.0
2009-04-18,36.0
2009-04-19,292.0
2009-04-20,56.0
2009-04-21,0.0
2009-04-22,0.0
2009-04-23,0.0
2009-04-24,0.0
2009-04-25,0.0
2009-04-26,0.0
2009-04-28,0.0
2009-04-29,3.0
2009-04-30,0.0
2009-05-01,0.0
2009-05-02,0.0
2009-05-03,318.0
2009-05-04,20.0
2009-05-05,5.0
2009-05-06,5.0
2009-05-07,140.0
2009-05-08,0.0
2009-05-09,0.0
2009-05-10,0.0
2009-05-11,508.0
2009-05-12,0.0
2009-05-13,0.0
2009-05-14,0.0
2009-05-15,0.0
2009-05-16,5.0
2009-05-17,241.0
2009-05-18,46.0
2009-05-19,0.0
2009-05-20,0.0
2009-05-21,0.0
2009-05-22,0.0
2009-05-23,30.0
2009-05-24,81.0
2009-05-25,46.0
2009-05-26,30.0
2009-05-27,51.0
2009-05-28,0.0
2009-05-29,0.0
2009-05-30,0.0
2009-05-31,0.0
2009-06-01,0.0
2009-06-02,0.0
2009-06-03,0.0
2009-06-04,107.0
2009-06-05,0.0
2009-06-06,0.0
2009-06-07,0.0
2009-06-08,0.0
2009-06-09,0.0
2009-06-10,0.0
2009-06-11,0.0
2009-06-12,0.0
2009-06-13,0.0
2009-06-14,0.0
2009-06-15,0.0
2009-06-16,0.0
2009-06-17,0.0
2009-06-18,0.0
2009-06-19,0.0
2009-06-20,0.0
2009-06-21,0.0
2009-06-22,0.0
2009-06-23,0.0
2009-06-24,0.0
2009-06-25,0.0
2009-06-26,0.0
2009-06-27,0.0
2009-06-28,0.0
2009-06-29,0.0
2009-06-30,0.0
2009-07-01,0.0
2009-07-02,0.0
2009-07-03,0.0
2009-07-04,0.0
2009-07-05,0.0
2009-07-06,191.0
2009-07-07,81.0
2009-07-08,0.0
2009-07-09,0.0
2009-07-10,0.0
2009-07-11,0.0
2009-07-12,28.0
2009-07-13,0.0
2009-07-14,328.0
2009-07-15,279.0
2009-07-16,0.0
2009-07-17,107.0
2009-07-18,0.0
2009-07-19,0.0
2009-07-20,0.0
2009-07-21,0.0
2009-07-22,292.0
2009-07-23,20.0
2009-07-24,0.0
2009-07-25,0.0
2009-07-26,0.0
2009-07-27,76.0
2009-07-28,152.0
2009-07-29,170.0
2009-07-30,818.0
2009-07-31,178.0
2009-08-01,8.0
2009-08-02,231.0
2009-08-03,0.0
2009-08-04,0.0
2009-08-05,0.0
2009-08-06,36.0
2009-08-07,8.0
2009-08-08,71.0
2009-08-09,0.0
2009-08-10,0.0
2009-08-11,0.0
2009-08-12,0.0
2009-08-13,0.0
2009-08-14,0.0
2009-08-15,0.0
2009-08-16,5.0
2009-08-17,0.0
2009-08-18,0.0
2009-08-19,0.0
2009-08-20,140.0
2009-08-21,0.0
2009-08-22,102.0
2009-08-23,0.0
2009-08-24,170.0
2009-08-25,0.0
2009-08-26,0.0
2009-08-27,0.0
2009-08-28,0.0
2009-08-29,0.0
2009-08-30,71.0
2009-08-31,170.0
2009-09-01,0.0
2009-09-02,0.0
2009-09-03,0.0
2009-09-04,0.0
2009-09-05,0.0
2009-09-06,20.0
2009-09-07,0.0
2009-09-08,0.0
2009-09-09,0.0
2009-09-10,0.0
2009-09-11,0.0
2009-09-12,97.0
2009-09-13,36.0
2009-09-14,5.0
2009-09-15,97.0
2009-09-16,30.0
2009-09-17,495.0
2009-09-18,140.0
2009-09-19,51.0
2009-09-20,51.0
2009-09-21,81.0
2009-09-22,30.0
2009-09-23,503.0
2009-09-24,66.0
2009-09-25,0.0
2009-09-26,0.0
2009-09-27,0.0
2009-09-28,0.0
2009-09-29,0.0
2009-09-30,0.0
2009-10-01,0.0
2009-10-02,381.0
2009-10-03,0.0
2009-10-04,25.0
2009-10-05,490.0
2009-10-06,0.0
2009-10-07,173.0
2009-10-08,15.0
2009-10-09,0.0
2009-10-10,61.0
2009-10-11,5.0
2009-10-12,13.0
2009-10-13,462.0
2009-10-14,422.0
2009-10-15,20.0
2009-10-16,15.0
2009-10-17,0.0
2009-10-18,0.0
2009-10-19,0.0
2009-10-20,0.0
2009-10-21,0.0
2009-10-22,0.0
2009-10-23,198.0
2009-10-24,0.0
2009-10-25,0.0
2009-10-26,0.0
2009-10-27,51.0
2009-10-28,46.0
2009-10-29,216.0
2009-10-30,10.0
2009-10-31,528.0
2009-11-01,0.0
2009-11-02,0.0
2009-11-03,0.0
2009-11-04,0.0
2009-11-05,0.0
2009-11-06,0.0
2009-11-07,0.0
2009-11-08,0.0
2009-11-09,0.0
2009-11-10,0.0
2009-11-11,0.0
2009-11-12,0.0
2009-11-13,0.0
2009-11-14,0.0
2009-11-15,0.0
2009-11-16,0.0
2009-11-17,10.0
2009-11-18,0.0
2009-11-19,0.0
2009-11-20,0.0
2009-11-21,0.0
2009-11-22,66.0
2009-11-23,10.0
2009-11-24,0.0
2009-11-25,0.0
2009-11-26,0.0
2009-11-27,0.0
2009-11-28,0.0
2009-11-29,0.0
2009-11-30,117.0
2009-12-01,0.0
2009-12-02,64.0
2009-12-03,13.0
2009-12-04,0.0
2009-12-05,64.0
2009-12-06,0.0
2009-12-07,46.0
2009-12-08,81.0
2009-12-09,254.0
2009-12-10,0.0
2009-12-11,0.0
2009-12-12,117.0
2009-12-13,66.0
2009-12-14,15.0
2009-12-15,122.0
2009-12-16,41.0
2009-12-17,0.0
2009-12-18,208.0
2009-12-19,0.0
2009-12-20,0.0
2009-12-21,0.0
2009-12-22,0.0
2009-12-23,0.0
2009-12-24,8.0
2009-12-25,330.0
2009-12-26,0.0
2009-12-27,0.0
2009-12-28,0.0
2009-12-29,0.0
2009-12-30,0.0
2009-12-31,140.0
2010-01-01,66.0
2010-01-02,0.0
2010-01-03,0.0
2010-01-04,0.0
2010-01-05,0.0
2010-01-06,0.0
2010-01-07,51.0
2010-01-08,46.0
2010-01-09,0.0
2010-01-10,0.0
2010-01-11,0.0
2010-01-12,0.0
2010-01-13,0.0
2010-01-14,0.0
2010-01-15,0.0
2010-01-16,0.0
2010-01-17,165.0
2010-01-18,15.0
2010-01-19,0.0
2010-01-20,0.0
2010-01-21,655.0
2010-01-22,0.0
2010-01-23,0.0
2010-01-24,178.0
2010-01-25,0.0
2010-01-26,0.0
2010-01-27,0.0
2010-01-28,0.0
2010-01-29,0.0
2010-01-30,0.0
2010-01-31,0.0
2010-02-01,0.0
2010-02-02,51.0
2010-02-03,0.0
2010-02-04,178.0
2010-02-05,503.0
2010-02-06,10.0
2010-02-07,0.0
2010-02-08,0.0
2010-02-09,112.0
2010-02-10,0.0
2010-02-11,0.0
2010-02-12,102.0
2010-02-13,254.0
2010-02-14,0.0
2010-02-15,36.0
2010-02-16,0.0
2010-02-17,0.0
2010-02-18,0.0
2010-02-19,0.0
2010-02-20,0.0
2010-02-21,0.0
2010-02-22,56.0
2010-02-23,0.0
2010-02-24,25.0
2010-02-25,0.0
2010-02-26,0.0
2010-02-27,0.0
2010-02-28,8.0
2010-03-01,0.0
2010-03-02,81.0
2010-03-03,0.0
2010-03-04,0.0
2010-03-05,0.0
2010-03-06,0.0
2010-03-07,0.0
2010-03-08,0.0
2010-03-09,102.0
2010-03-10,170.0
2010-03-11,165.0
2010-03-12,25.0
2010-03-13,0.0
2010-03-14,0.0
2010-03-15,0.0
2010-03-16,0.0
2010-03-17,0.0
2010-03-18,0.0
2010-03-19,0.0
2010-03-20,0.0
2010-03-21,152.0
2010-03-22,3.0
2010-03-23,5.0
2010-03-24,0.0
2010-03-25,99.0
2010-03-26,71.0
2010-03-27,0.0
2010-03-28,30.0
2010-03-29,0.0
2010-03-30,0.0
2010-03-31,0.0
2010-04-01,0.0
2010-04-02,0.0
2010-04-03,191.0
2010-04-04,0.0
2010-04-05,0.0
2010-04-06,0.0
2010-04-07,0.0
2010-04-08,61.0
2010-04-09,0.0
2010-04-10,0.0
2010-04-11,0.0
2010-04-12,0.0
2010-04-13,0.0
2010-04-14,30.0
2010-04-15,0.0
2010-04-16,0.0
2010-04-17,0.0
2010-04-18,0.0
2010-04-19,0.0
2010-04-20,10.0
2010-04-21,20.0
2010-04-22,0.0
2010-04-23,0.0
2010-04-24,160.0
2010-04-25,25.0
2010-04-26,0.0
2010-04-27,8.0
2010-04-28,0.0
2010-04-29,0.0
2010-04-30,0.0
2010-05-01,13.0
2010-05-02,140.0
2010-05-03,165.0
2010-05-04,0.0
2010-05-05,0.0
2010-05-06,0.0
2010-05-07,0.0
2010-05-08,368.0
2010-05-09,0.0
2010-05-10,3.0
2010-05-11,0.0
2010-05-12,0.0
2010-05-13,0.0
2010-05-14,3.0
2010-05-15,0.0
2010-05-16,183.0
2010-05-17,30.0
2010-05-18,0.0
2010-05-19,0.0
2010-05-20,0.0
2010-05-21,165.0
2010-05-22,0.0
2010-05-23,0.0
2010-05-24,0.0
2010-05-25,0.0
2010-05-26,533.0
2010-05-27,0.0
2010-05-28,0.0
2010-05-29,102.0
2010-05-30,81.0
2010-05-31,0.0
2010-06-01,0.0
2010-06-02,254.0
2010-06-03,15.0
2010-06-04,5.0
2010-06-05,71.0
2010-06-06,30.0
2010-06-07,0.0
2010-06-08,0.0
2010-06-09,0.0
2010-06-10,5.0
2010-06-11,0.0
2010-06-12,0.0
2010-06-13,0.0
2010-06-14,0.0
2010-06-15,0.0
2010-06-16,102.0
2010-06-17,0.0
2010-06-18,584.0
2010-06-19,38.0
2010-06-20,0.0
2010-06-21,0.0
2010-06-22,0.0
2010-06-23,0.0
2010-06-24,180.0
2010-06-25,0.0
2010-06-26,0.0
2010-06-27,0.0
2010-06-28,0.0
2010-06-29,0.0
2010-06-30,495.0
2010-07-01,91.0
2010-07-02,3.0
2010-07-03,0.0
2010-07-04,0.0
2010-07-05,0.0
2010-07-06,109.0
2010-07-07,15.0
2010-07-08,3.0
2010-07-09,0.0
2010-07-10,3.0
2010-07-11,0.0
2010-07-12,0.0
2010-07-13,0.0
2010-07-14,0.0
2010-07-15,0.0
2010-07-16,0.0
2010-07-17,91.0
2010-07-18,318.0
2010-07-19,46.0
2010-07-20,124.0
2010-07-21,0.0
2010-07-22,0.0
2010-07-23,0.0
2010-07-24,0.0
2010-07-25,160.0
2010-07-26,0.0
2010-07-27,43.0
2010-07-28,10.0
2010-07-29,333.0
2010-07-30,0.0
2010-07-31,0.0
2010-08-01,0.0
2010-08-02,41.0
2010-08-03,0.0
2010-08-04,0.0
2010-08-05,3.0
2010-08-06,417.0
2010-08-07,0.0
2010-08-08,0.0
2010-08-09,0.0
2010-08-10,10.0
2010-08-11,0.0
2010-08-12,0.0
2010-08-13,0.0
2010-08-14,15.0
2010-08-15,91.0
2010-08-16,3.0
2010-08-17,0.0
2010-08-18,112.0
2010-08-19,20.0
2010-08-20,0.0
2010-08-21,0.0
2010-08-22,0.0
2010-08-23,91.0
2010-08-24,0.0
2010-08-25,0.0
2010-08-26,0.0
2010-08-27,0.0
2010-08-28,0.0
2010-08-29,122.0
2010-08-30,3.0
2010-08-31,3.0
2010-09-01,0.0
2010-09-02,0.0
2010-09-03,0.0
2010-09-04,191.0
2010-09-05,0.0
2010-09-06,0.0
2010-09-07,0.0
2010-09-08,0.0
2010-09-09,0.0
2010-09-10,0.0
2010-09-11,0.0
2010-09-12,8.0
2010-09-13,0.0
2010-09-14,0.0
2010-09-15,0.0
2010-09-16,0.0
2010-09-17,0.0
2010-09-18,0.0
2010-09-19,0.0
2010-09-20,0.0
2010-09-21,0.0
2010-09-22,0.0
2010-09-23,0.0
2010-09-24,0.0
2010-09-25,0.0
2010-09-26,0.0
2010-09-27,94.0
2010-09-28,0.0
2010-09-29,0.0
2010-09-30,0.0
2010-10-01,0.0
2010-10-02,0.0
2010-10-03,0.0
2010-10-04,0.0
2010-10-05,0.0
2010-10-06,0.0
2010-10-07,0.0
2010-10-08,0.0
2010-10-09,0.0
2010-10-10,0.0
2010-10-11,0.0
2010-10-12,0.0
2010-10-13,86.0
2010-10-14,0.0
2010-10-15,0.0
2010-10-16,0.0
2010-10-17,0.0
2010-10-18,0.0
2010-10-19,0.0
2010-10-20,15.0
2010-10-21,0.0
2010-10-22,0.0
2010-10-23,0.0
2010-10-24,0.0
2010-10-25,25.0
2010-10-26,0.0
2010-10-27,81.0
2010-10-28,325.0
2010-10-29,0.0
2010-10-30,0.0
2010-10-31,0.0
2010-11-01,0.0
2010-11-02,0.0
2010-11-03,594.0
2010-11-04,66.0
2010-11-05,0.0
2010-11-06,0.0
2010-11-07,0.0
2010-11-08,0.0
2010-11-09,0.0
2010-11-10,0.0
2010-11-11,0.0
2010-11-12,0.0
2010-11-13,0.0
2010-11-14,46.0
2010-11-15,292.0
2010-11-16,170.0
2010-11-17,10.0
2010-11-18,30.0
2010-11-19,0.0
2010-11-20,0.0
2010-11-21,0.0
2010-11-22,0.0
2010-11-23,0.0
2010-11-24,8.0
2010-11-25,0.0
2010-11-26,140.0
2010-11-27,25.0
2010-11-28,0.0
2010-11-29,0.0
2010-12-01,30.0
2010-12-02,0.0
2010-12-03,0.0
2010-12-04,0.0
2010-12-05,0.0
2010-12-06,0.0
2010-12-07,0.0
2010-12-08,0.0
2010-12-09,0.0
2010-12-10,0.0
2010-12-11,0.0
2010-12-12,170.0
2010-12-13,0.0
2010-12-14,0.0
2010-12-15,0.0
2010-12-16,0.0
2010-12-17,8.0
2010-12-18,3.0
2010-12-19,0.0
2010-12-20,0.0
2010-12-21,0.0
2010-12-22,0.0
2010-12-23,0.0
2010-12-24,0.0
2010-12-25,28.0
2010-12-26,5.0
2010-12-27,64.0
2010-12-28,0.0
2010-12-29,0.0
2010-12-30,56.0
2010-12-31,0.0
2011-01-01,635.0
2011-01-02,0.0
2011-01-03,0.0
2011-01-04,0.0
2011-01-05,81.0
2011-01-06,36.0
2011-01-07,0.0
2011-01-08,0.0
2011-01-09,0.0
2011-01-10,102.0
2011-01-11,0.0
2011-01-12,0.0
2011-01-13,0.0
2011-01-14,0.0
2011-01-15,0.0
2011-01-16,0.0
2011-01-17,112.0
2011-01-18,8.0
2011-01-19,25.0
2011-01-20,0.0
2011-01-21,25.0
2011-01-22,0.0
2011-01-23,0.0
2011-01-24,0.0
2011-01-25,457.0
2011-01-26,30.0
2011-01-27,0.0
2011-01-28,0.0
2011-01-29,0.0
2011-01-30,0.0
2011-01-31,394.0
2011-02-01,13.0
2011-02-02,81.0
2011-02-03,0.0
2011-02-04,30.0
2011-02-05,107.0
2011-02-06,0.0
2011-02-07,66.0
2011-02-08,0.0
2011-02-09,0.0
2011-02-10,71.0
2011-02-11,0.0
2011-02-12,0.0
2011-02-13,0.0
2011-02-14,0.0
2011-02-15,0.0
2011-02-16,0.0
2011-02-17,0.0
2011-02-18,0.0
2011-02-19,0.0
2011-02-20,0.0
2011-02-21,0.0
2011-02-22,0.0
2011-02-23,0.0
2011-02-24,0.0
2011-02-25,142.0
2011-02-26,0.0
2011-02-27,0.0
2011-02-28,0.0
2011-03-01,0.0
2011-03-02,3.0
2011-03-03,0.0
2011-03-04,0.0
2011-03-05,86.0
2011-03-06,361.0
2011-03-07,0.0
2011-03-08,5.0
2011-03-09,635.0
2011-03-10,81.0
2011-03-11,0.0
2011-03-12,0.0
2011-03-13,0.0
2011-03-14,0.0
2011-03-15,160.0
2011-03-16,0.0
2011-03-17,0.0
2011-03-18,0.0
2011-03-19,0.0
2011-03-20,0.0
2011-03-21,0.0
2011-03-22,0.0
2011-03-23,0.0
2011-03-24,20.0
2011-03-25,0.0
2011-03-26,0.0
2011-03-27,56.0
2011-03-28,0.0
2011-03-29,0.0
2011-03-31,28.0
2011-04-01,0.0
2011-04-02,36.0
2011-04-03,0.0
2011-04-04,0.0
2011-04-05,165.0
2011-04-06,0.0
2011-04-07,0.0
2011-04-08,0.0
2011-04-09,0.0
2011-04-10,0.0
2011-04-11,0.0
2011-04-12,64.0
2011-04-13,0.0
2011-04-14,0.0
2011-04-15,0.0
2011-04-16,330.0
2011-04-17,0.0
2011-04-18,0.0
2011-04-19,0.0
2011-04-20,0.0
2011-04-21,229.0
2011-04-22,241.0
2011-04-23,0.0
2011-04-24,0.0
2011-04-25,0.0
2011-04-26,51.0
2011-04-27,254.0
2011-04-28,0.0
2011-05-01,0.0
2011-05-02,0.0
2011-05-03,183.0
2011-05-04,241.0
2011-05-05,0.0
2011-05-06,0.0
2011-05-07,0.0
2011-05-08,0.0
2011-05-09,0.0
2011-05-10,0.0
2011-05-11,0.0
2011-05-12,0.0
2011-05-13,0.0
2011-05-14,0.0
2011-05-15,0.0
2011-05-16,0.0
2011-05-17,0.0
2011-05-18,0.0
2011-05-19,0.0
2011-05-20,0.0
2011-05-21,30.0
2011-05-22,0.0
2011-05-23,0.0
2011-05-24,0.0
2011-05-25,0.0
2011-05-26,0.0
2011-05-27,0.0
2011-05-28,0.0
2011-05-29,0.0
2011-05-30,0.0
2011-05-31,0.0
2011-06-01,0.0
2011-06-02,0.0
2011-06-03,0.0
2011-06-04,0.0
2011-06-05,0.0
2011-06-06,0.0
2011-06-07,0.0
2011-06-08,30.0
2011-06-09,0.0
2011-06-10,94.0
2011-06-11,0.0
2011-06-12,0.0
2011-06-13,0.0
2011-06-14,0.0
2011-06-15,0.0
2011-06-16,0.0
2011-06-17,0.0
2011-06-18,0.0
2011-06-19,0.0
2011-06-20,0.0
2011-06-21,25.0
2011-06-22,127.0
2011-06-23,284.0
2011-06-24,0.0
2011-06-25,0.0
2011-06-26,0.0
2011-06-27,0.0
2011-06-28,0.0
2011-06-29,0.0
2011-06-30,0.0
2011-07-01,0.0
2011-07-02,0.0
2011-07-03,0.0
2011-07-04,127.0
2011-07-05,0.0
2011-07-06,0.0
2011-07-07,30.0
2011-07-08,0.0
2011-07-09,0.0
2011-07-10,0.0
2011-07-11,107.0
2011-07-12,196.0
2011-07-13,0.0
2011-07-14,5.0
2011-07-15,0.0
2011-07-16,340.0
2011-07-17,0.0
2011-07-18,0.0
2011-07-19,8.0
2011-07-20,0.0
2011-07-21,0.0
2011-07-22,30.0
2011-07-23,15.0
2011-07-24,691.0
2011-07-25,163.0
2011-07-26,163.0
2011-07-27,0.0
2011-07-28,56.0
2011-07-29,10.0
2011-07-30,0.0
2011-07-31,0.0
2011-08-01,10.0
2011-08-02,0.0
2011-08-03,0.0
2011-08-04,0.0
2011-08-05,0.0
2011-08-06,0.0
2011-08-07,0.0
2011-08-08,0.0
2011-08-09,0.0
2011-08-10,3.0
2011-08-11,76.0
2011-08-12,0.0
2011-08-13,0.0
2011-08-14,20.0
2011-08-15,0.0
2011-08-16,0.0
2011-08-17,20.0
2011-08-18,8.0
2011-08-19,112.0
2011-08-20,0.0
2011-08-21,0.0
2011-08-22,0.0
2011-08-23,0.0
2011-08-24,0.0
2011-08-25,0.0
2011-08-26,0.0
2011-08-27,0.0
2011-08-28,0.0
2011-08-29,0.0
2011-08-30,0.0
2011-08-31,0.0
2011-09-01,0.0
2011-09-02,0.0
2011-09-03,0.0
2011-09-04,114.0
2011-09-05,2007.0
2011-09-06,25.0
2011-09-07,0.0
2011-09-08,0.0
2011-09-09,0.0
2011-09-10,0.0
2011-09-11,0.0
2011-09-12,0.0
2011-09-13,0.0
2011-09-14,0.0
2011-09-15,0.0
2011-09-16,0.0
2011-09-17,0.0
2011-09-18,0.0
2011-09-19,0.0
2011-09-20,56.0
2011-09-21,0.0
2011-09-22,0.0
2011-09-23,0.0
2011-09-24,20.0
2011-09-25,0.0
2011-09-26,8.0
2011-09-27,305.0
2011-09-28,91.0
2011-09-29,0.0
2011-09-30,0.0
2011-10-01,0.0
2011-10-02,0.0
2011-10-03,0.0
2011-10-04,0.0
2011-10-05,0.0
2011-10-06,0.0
2011-10-07,0.0
2011-10-08,0.0
2011-10-09,0.0
2011-10-10,0.0
2011-10-11,0.0
2011-10-12,0.0
2011-10-13,229.0
2011-10-14,0.0
2011-10-15,0.0
2011-10-16,0.0
2011-10-17,0.0
2011-10-18,0.0
2011-10-19,5.0
2011-10-20,0.0
2011-10-21,0.0
2011-10-22,0.0
2011-10-23,0.0
2011-10-24,3.0
2011-10-25,0.0
2011-10-26,0.0
2011-10-27,0.0
2011-10-28,30.0
2011-10-29,46.0
2011-10-30,0.0
2011-10-31,0.0
2011-11-01,0.0
2011-11-02,0.0
2011-11-03,76.0
2011-11-04,13.0
2011-11-05,0.0
2011-11-06,0.0
2011-11-07,0.0
2011-11-08,0.0
2011-11-09,30.0
2011-11-10,5.0
2011-11-11,0.0
2011-11-12,0.0
2011-11-13,0.0
2011-11-14,0.0
2011-11-15,0.0
2011-11-16,107.0
2011-11-17,56.0
2011-11-18,0.0
2011-11-19,0.0
2011-11-20,0.0
2011-11-21,0.0
2011-11-22,10.0
2011-11-23,231.0
2011-11-24,0.0
2011-11-25,0.0
2011-11-26,0.0
2011-11-27,406.0
2011-11-28,66.0
2011-11-29,36.0
2011-11-30,0.0
2011-12-01,0.0
2011-12-02,0.0
2011-12-03,0.0
2011-12-04,0.0
2011-12-05,0.0
2011-12-06,127.0
2011-12-07,51.0
2011-12-08,0.0
2011-12-09,0.0
2011-12-10,0.0
2011-12-11,0.0
2011-12-12,0.0
2011-12-13,0.0
2011-12-14,0.0
2011-12-15,25.0
2011-12-16,419.0
2011-12-17,36.0
2011-12-18,0.0
2011-12-19,0.0
2011-12-20,0.0
2011-12-21,71.0
2011-12-22,76.0
2011-12-23,152.0
2011-12-24,0.0
2011-12-25,254.0
2011-12-26,236.0
2011-12-27,478.0
2011-12-28,0.0
2011-12-29,0.0
2011-12-30,0.0
2011-12-31,0.0
2012-01-01,0.0
2012-01-02,0.0
2012-01-03,0.0
2012-01-04,0.0
2012-01-05,0.0
2012-01-06,0.0
2012-01-07,0.0
2012-01-08,91.0
2012-01-09,25.0
2012-01-10,61.0
2012-01-11,107.0
2012-01-12,0.0
2012-01-13,0.0
2012-01-14,0.0
2012-01-15,0.0
2012-01-16,0.0
2012-01-17,0.0
2012-01-18,429.0
2012-01-19,0.0
2012-01-20,0.0
2012-01-21,51.0
2012-01-22,25.0
2012-01-23,0.0
2012-01-24,0.0
2012-01-25,0.0
2012-01-26,348.0
2012-01-27,107.0
2012-01-28,0.0
2012-01-29,0.0
2012-01-30,0.0
2012-01-31,0.0
2012-02-01,112.0
2012-02-02,56.0
2012-02-03,216.0
2012-02-04,660.0
2012-02-05,267.0
2012-02-06,0.0
2012-02-07,0.0
2012-02-08,0.0
2012-02-09,0.0
2012-02-10,46.0
2012-02-11,25.0
2012-02-12,0.0
2012-02-13,0.0
2012-02-14,221.0
2012-02-15,0.0
2012-02-16,292.0
2012-02-17,0.0
2012-02-18,0.0
2012-02-19,584.0
2012-02-20,3.0
2012-02-21,0.0
2012-02-22,0.0
2012-02-23,0.0
2012-02-24,0.0
2012-02-25,0.0
2012-02-26,0.0
2012-02-27,0.0
2012-02-28,0.0
2012-02-29,30.0
2012-03-01,36.0
2012-03-02,0.0
2012-03-03,216.0
2012-03-04,0.0
2012-03-05,0.0
2012-03-06,0.0
2012-03-07,0.0
2012-03-08,0.0
2012-03-09,673.0
2012-03-10,0.0
2012-03-11,0.0
2012-03-12,25.0
2012-03-13,0.0
2012-03-14,0.0
2012-03-15,0.0
2012-03-16,0.0
2012-03-17,0.0
2012-03-18,0.0
2012-03-19,0.0
2012-03-20,0.0
2012-03-21,0.0
2012-03-22,1389.0
2012-03-23,0.0
2012-03-24,0.0
2012-03-25,0.0
2012-03-26,0.0
2012-03-27,0.0
2012-03-28,0.0
2012-03-29,0.0
2012-03-30,46.0
2012-03-31,13.0
2012-04-01,0.0
2012-04-02,0.0
2012-04-03,478.0
2012-04-04,43.0
2012-04-05,61.0
2012-04-06,102.0
2012-04-07,0.0
2012-04-08,0.0
2012-04-09,0.0
2012-04-10,0.0
2012-04-11,0.0
2012-04-12,0.0
2012-04-13,0.0
2012-04-14,0.0
2012-04-15,0.0
2012-04-16,51.0
2012-04-17,160.0
2012-04-18,533.0
2012-04-19,0.0
2012-04-20,0.0
2012-04-21,0.0
2012-04-22,0.0
2012-04-23,0.0
2012-04-24,0.0
2012-04-25,0.0
2012-04-26,0.0
2012-04-27,25.0
2012-04-28,0.0
2012-04-29,0.0
2012-04-30,0.0
2012-05-01,0.0
2012-05-02,0.0
2012-05-03,124.0
2012-05-04,0.0
2012-05-05,0.0
2012-05-06,0.0
2012-05-07,0.0
2012-05-08,104.0
2012-05-09,254.0
2012-05-10,46.0
2012-05-11,0.0
2012-05-12,5.0
2012-05-13,554.0
2012-05-14,0.0
2012-05-15,0.0
2012-05-16,0.0
2012-05-17,0.0
2012-05-18,0.0
2012-05-19,0.0
2012-05-20,0.0
2012-05-21,0.0
2012-05-22,8.0
2012-05-23,0.0
2012-05-24,0.0
2012-05-25,0.0
2012-05-26,0.0
2012-05-27,0.0
2012-05-28,0.0
2012-05-29,0.0
2012-05-30,0.0
2012-05-31,218.0
2012-06-01,574.0
2012-06-02,0.0
2012-06-03,0.0
2012-06-04,0.0
2012-06-05,483.0
2012-06-06,5.0
2012-06-07,0.0
2012-06-08,0.0
2012-06-09,0.0
2012-06-10,127.0
2012-06-11,36.0
2012-06-12,279.0
2012-06-13,0.0
2012-06-14,0.0
2012-06-15,0.0
2012-06-16,0.0
2012-06-17,0.0
2012-06-18,0.0
2012-06-19,0.0
2012-06-20,0.0
2012-06-21,0.0
2012-06-22,0.0
2012-06-23,0.0
2012-06-24,0.0
2012-06-25,0.0
2012-06-26,0.0
2012-06-27,0.0
2012-06-28,0.0
2012-06-29,0.0
2012-06-30,0.0
2012-07-01,0.0
2012-07-02,0.0
2012-07-03,0.0
2012-07-04,0.0
2012-07-05,33.0
2012-07-06,0.0
2012-07-07,5.0
2012-07-08,5.0
2012-07-09,41.0
2012-07-10,5.0
2012-07-11,188.0
2012-07-12,117.0
2012-07-13,198.0
2012-07-14,384.0
2012-07-15,97.0
2012-07-16,23.0
2012-07-17,0.0
2012-07-18,0.0
2012-07-19,178.0
2012-07-20,399.0
2012-07-21,0.0
2012-07-22,279.0
2012-07-23,0.0
2012-07-24,0.0
2012-07-25,0.0
2012-07-26,0.0
2012-07-27,0.0
2012-07-28,8.0
2012-07-29,0.0
2012-07-30,0.0
2012-07-31,0.0
2012-08-01,0.0
2012-08-02,0.0
2012-08-03,0.0
2012-08-04,0.0
2012-08-05,0.0
2012-08-06,0.0
2012-08-07,185.0
2012-08-08,0.0
2012-08-09,76.0
2012-08-10,5.0
2012-08-11,0.0
2012-08-12,0.0
2012-08-13,0.0
2012-08-14,0.0
2012-08-15,0.0
2012-08-16,0.0
2012-08-17,432.0
2012-08-18,305.0
2012-08-19,122.0
2012-08-20,71.0
2012-08-21,0.0
2012-08-22,0.0
2012-08-23,0.0
2012-08-24,0.0
2012-08-25,86.0
2012-08-26,51.0
2012-08-27,0.0
2012-08-28,0.0
2012-08-29,0.0
2012-08-30,455.0
2012-08-31,559.0
2012-09-01,5.0
2012-09-02,262.0
2012-09-03,0.0
2012-09-04,0.0
2012-09-05,0.0
2012-09-06,0.0
2012-09-07,0.0
2012-09-08,0.0
2012-09-09,0.0
2012-09-10,0.0
2012-09-11,0.0
2012-09-12,0.0
2012-09-13,0.0
2012-09-14,0.0
2012-09-15,0.0
2012-09-16,0.0
2012-09-17,0.0
2012-09-18,508.0
2012-09-19,25.0
2012-09-20,0.0
2012-09-21,0.0
2012-09-22,0.0
2012-09-23,0.0
2012-09-24,0.0
2012-09-25,0.0
2012-09-26,0.0
2012-09-27,0.0
2012-09-28,0.0
2012-09-29,0.0
2012-09-30,216.0
2012-10-01,432.0
2012-10-02,66.0
2012-10-03,0.0
2012-10-04,0.0
2012-10-05,0.0
2012-10-06,0.0
2012-10-07,0.0
2012-10-08,0.0
2012-10-09,0.0
2012-10-10,0.0
2012-10-11,0.0
2012-10-12,0.0
2012-10-13,0.0
2012-10-14,0.0
2012-10-15,10.0
2012-10-16,0.0
2012-10-17,0.0
2012-10-18,216.0
2012-10-19,0.0
2012-10-20,0.0
2012-10-21,0.0
2012-10-22,0.0
2012-10-23,0.0
2012-10-24,0.0
2012-10-25,0.0
2012-10-26,0.0
2012-10-27,0.0
2012-10-28,0.0
2012-10-29,0.0
2012-10-30,0.0
2012-10-31,0.0
2012-11-01,0.0
2012-11-02,0.0
2012-11-03,0.0
2012-11-04,127.0
2012-11-05,10.0
2012-11-06,140.0
2012-11-07,0.0
2012-11-08,0.0
2012-11-09,0.0
2012-11-10,0.0
2012-11-11,0.0
2012-11-12,330.0
2012-11-13,0.0
2012-11-14,0.0
2012-11-15,0.0
2012-11-16,0.0
2012-11-17,0.0
2012-11-18,0.0
2012-11-19,0.0
2012-11-20,0.0
2012-11-21,0.0
2012-11-22,0.0
2012-11-23,0.0
2012-11-24,0.0
2012-11-25,0.0
2012-11-26,25.0
2012-11-27,343.0
2012-11-28,0.0
2012-11-29,0.0
2012-11-30,0.0
2012-12-01,0.0
2012-12-02,0.0
2012-12-03,0.0
2012-12-04,0.0
2012-12-05,394.0
2012-12-06,20.0
2012-12-07,0.0
2012-12-08,0.0
2012-12-09,0.0
2012-12-10,305.0
2012-12-11,102.0
2012-12-12,0.0
2012-12-13,0.0
2012-12-14,0.0
2012-12-15,0.0
2012-12-16,0.0
2012-12-17,503.0
2012-12-18,0.0
2012-12-19,0.0
2012-12-20,36.0
2012-12-21,0.0
2012-12-22,0.0
2012-12-23,0.0
2012-12-24,25.0
2012-12-25,165.0
2012-12-26,864.0
2012-12-27,0.0
2012-12-28,25.0
2012-12-29,267.0
2012-12-30,0.0
2012-12-31,0.0
2013-01-01,279.0
2013-01-02,221.0
2013-01-03,0.0
2013-01-04,0.0
2013-01-05,0.0
2013-01-06,66.0
2013-01-07,0.0
2013-01-08,0.0
2013-01-09,91.0
2013-01-10,51.0
2013-01-11,318.0
2013-01-12,0.0
2013-01-13,0.0
2013-01-14,267.0
2013-01-15,635.0
2013-01-16,584.0
2013-01-17,51.0
2013-01-18,0.0
2013-01-19,0.0
2013-01-20,0.0
2013-01-21,0.0
2013-01-22,0.0
2013-01-23,0.0
2013-01-24,0.0
2013-01-25,0.0
2013-01-26,5.0
2013-01-27,0.0
2013-01-28,0.0
2013-01-29,0.0
2013-01-30,163.0
2013-01-31,0.0
2013-02-01,0.0
2013-02-02,0.0
2013-02-03,0.0
2013-02-04,0.0
2013-02-05,0.0
2013-02-06,0.0
2013-02-07,71.0
2013-02-08,0.0
2013-02-09,0.0
2013-02-10,0.0
2013-02-11,813.0
2013-02-12,254.0
2013-02-13,495.0
2013-02-14,0.0
2013-02-15,0.0
2013-02-16,0.0
2013-02-17,0.0
2013-02-18,0.0
2013-02-20,0.0
2013-02-21,0.0
2013-02-22,406.0
2013-02-23,112.0
2013-02-24,0.0
2013-02-25,0.0
2013-02-26,165.0
2013-02-27,0.0
2013-02-28,0.0
2013-03-01,0.0
2013-03-02,0.0
2013-03-03,0.0
2013-03-04,0.0
2013-03-05,0.0
2013-03-06,30.0
2013-03-07,0.0
2013-03-08,0.0
2013-03-09,0.0
2013-03-10,0.0
2013-03-11,673.0
2013-03-12,0.0
2013-03-13,0.0
2013-03-14,0.0
2013-03-15,0.0
2013-03-16,0.0
2013-03-17,0.0
2013-03-18,0.0
2013-03-19,140.0
2013-03-20,0.0
2013-03-21,0.0
2013-03-22,127.0
2013-03-23,81.0
2013-03-24,122.0
2013-03-25,0.0
2013-03-26,0.0
2013-03-27,0.0
2013-03-28,0.0
2013-03-29,0.0
2013-03-30,0.0
2013-03-31,41.0
2013-04-01,102.0
2013-04-02,0.0
2013-04-03,0.0
2013-04-04,122.0
2013-04-05,3.0
2013-04-06,0.0
2013-04-07,0.0
2013-04-08,0.0
2013-04-09,0.0
2013-04-10,5.0
2013-04-11,0.0
2013-04-12,279.0
2013-04-13,0.0
2013-04-14,127.0
2013-04-15,127.0
2013-04-16,0.0
2013-04-17,0.0
2013-04-18,0.0
2013-04-19,292.0
2013-04-20,0.0
2013-04-21,0.0
2013-04-22,0.0
2013-04-23,0.0
2013-04-24,0.0
2013-04-25,226.0
2013-04-26,0.0
2013-04-27,0.0
2013-04-28,38.0
2013-04-29,86.0
2013-04-30,0.0
2013-05-01,38.0
2013-05-02,470.0
2013-05-03,165.0
2013-05-04,318.0
2013-05-05,5.0
2013-05-06,0.0
2013-05-07,0.0
2013-05-08,0.0
2013-05-09,0.0
2013-05-10,508.0
2013-05-11,41.0
2013-05-12,0.0
2013-05-13,0.0
2013-05-14,0.0
2013-05-15,0.0
2013-05-16,0.0
2013-05-17,0.0
2013-05-18,0.0
2013-05-19,0.0
2013-05-20,0.0
2013-05-21,0.0
2013-05-22,229.0
2013-05-23,0.0
2013-05-24,0.0
2013-05-25,0.0
2013-05-26,0.0
2013-05-27,0.0
2013-05-28,0.0
2013-05-29,0.0
2013-05-30,0.0
2013-05-31,64.0
2013-06-01,0.0
2013-06-02,274.0
2013-06-03,5.0
2013-06-04,0.0
2013-06-05,0.0
2013-06-06,25.0
2013-06-07,117.0
2013-06-08,15.0
2013-06-09,5.0
2013-06-10,99.0
2013-06-11,0.0
2013-06-12,0.0
2013-06-13,0.0
2013-06-14,0.0
2013-06-15,0.0
2013-06-16,0.0
2013-06-17,15.0
2013-06-18,15.0
2013-06-19,102.0
2013-06-20,267.0
2013-06-21,0.0
2013-06-22,0.0
2013-06-23,10.0
2013-06-24,0.0
2013-06-25,91.0
2013-06-26,0.0
2013-06-27,0.0
2013-06-28,0.0
2013-06-29,140.0
2013-06-30,0.0
2013-07-01,0.0
2013-07-02,0.0
2013-07-03,0.0
2013-07-04,0.0
2013-07-05,0.0
2013-07-06,10.0
2013-07-07,0.0
2013-07-08,0.0
2013-07-09,0.0
2013-07-10,0.0
2013-07-11,0.0
2013-07-12,290.0
2013-07-13,0.0
2013-07-14,0.0
2013-07-15,76.0
2013-07-16,20.0
2013-07-17,0.0
2013-07-18,0.0
2013-07-19,165.0
2013-07-20,30.0
2013-07-21,0.0
2013-07-22,46.0
2013-07-23,0.0
2013-07-24,0.0
2013-07-25,30.0
2013-07-26,0.0
2013-07-27,127.0
2013-07-28,216.0
2013-07-29,0.0
2013-07-30,0.0
2013-07-31,0.0
2013-08-01,0.0
2013-08-02,0.0
2013-08-03,0.0
2013-08-04,0.0
2013-08-05,10.0
2013-08-06,38.0
2013-08-07,0.0
2013-08-08,0.0
2013-08-09,0.0
2013-08-10,541.0
2013-08-11,0.0
2013-08-12,46.0
2013-08-13,0.0
2013-08-14,127.0
2013-08-15,76.0
2013-08-16,0.0
2013-08-17,0.0
2013-08-18,0.0
2013-08-19,0.0
2013-08-20,0.0
2013-08-21,0.0
2013-08-22,0.0
2013-08-23,0.0
2013-08-24,0.0
2013-08-25,15.0
2013-08-26,0.0
2013-08-27,0.0
2013-08-28,0.0
2013-08-29,0.0
2013-08-30,0.0
2013-08-31,0.0
2013-09-01,0.0
2013-09-02,0.0
2013-09-03,8.0
2013-09-04,0.0
2013-09-05,0.0
2013-09-06,0.0
2013-09-07,0.0
2013-09-08,0.0
2013-09-09,0.0
2013-09-10,0.0
2013-09-11,218.0
2013-09-12,0.0
2013-09-13,0.0
2013-09-14,0.0
2013-09-15,0.0
2013-09-16,0.0
2013-09-17,0.0
2013-09-18,0.0
2013-09-19,0.0
2013-09-20,0.0
2013-09-21,1016.0
2013-09-22,51.0
2013-09-23,0.0
2013-09-24,0.0
2013-09-25,635.0
2013-09-26,0.0
2013-09-27,0.0
2013-09-28,0.0
2013-09-29,0.0
2013-09-30,8.0
2013-10-01,8.0
2013-10-02,28.0
2013-10-03,0.0
2013-10-04,0.0
2013-10-05,0.0
2013-10-06,0.0
2013-10-07,38.0
2013-10-08,0.0
2013-10-09,0.0
2013-10-10,0.0
2013-10-11,0.0
2013-10-12,0.0
2013-10-13,8.0
2013-10-14,0.0
2013-10-15,0.0
2013-10-16,0.0
2013-10-17,107.0
2013-10-18,0.0
2013-10-19,5.0
2013-10-20,0.0
2013-10-21,0.0
2013-10-22,0.0
2013-10-23,0.0
2013-10-24,0.0
2013-10-25,0.0
2013-10-26,0.0
2013-10-27,0.0
2013-10-28,279.0
2013-10-29,0.0
2013-10-30,0.0
2013-10-31,0.0
2013-11-01,544.0
2013-11-02,0.0
2013-11-03,0.0
2013-11-04,0.0
2013-11-05,0.0
2013-11-06,0.0
2013-11-07,20.0
2013-11-08,0.0
2013-11-09,0.0
2013-11-10,5.0
2013-11-11,0.0
2013-11-12,0.0
2013-11-13,0.0
2013-11-14,0.0
2013-11-15,0.0
2013-11-16,36.0
2013-11-17,5.0
2013-11-18,0.0
2013-11-19,0.0
2013-11-20,0.0
2013-11-21,0.0
2013-11-22,0.0
2013-11-23,330.0
2013-11-24,56.0
2013-11-25,0.0
2013-11-26,1194.0
2013-11-27,127.0
2013-11-28,0.0
2013-11-29,0.0
2013-11-30,0.0
2013-12-01,0.0
2013-12-02,0.0
2013-12-03,0.0
2013-12-04,0.0
2013-12-05,0.0
2013-12-06,10.0
2013-12-07,91.0
2013-12-08,20.0
2013-12-09,165.0
2013-12-10,102.0
2013-12-11,0.0
2013-12-12,0.0
2013-12-13,0.0
2013-12-14,165.0
2013-12-15,0.0
2013-12-16,0.0
2013-12-17,0.0
2013-12-18,0.0
2013-12-19,0.0
2013-12-20,0.0
2013-12-21,0.0
2013-12-22,432.0
2013-12-23,0.0
2013-12-24,0.0
2013-12-25,0.0
2013-12-26,0.0
2013-12-27,0.0
2013-12-28,5.0
2013-12-29,254.0
2013-12-30,0.0
2013-12-31,0.0
2014-01-01,0.0
2014-01-02,127.0
2014-01-03,0.0
2014-01-04,0.0
2014-01-05,0.0
2014-01-06,51.0
2014-01-07,0.0
2014-01-08,0.0
2014-01-09,0.0
2014-01-10,0.0
2014-01-11,140.0
2014-01-12,0.0
2014-01-13,58.0
2014-01-14,97.0
2014-01-15,0.0
2014-01-16,0.0
2014-01-17,0.0
2014-01-18,0.0
2014-01-19,0.0
2014-01-20,0.0
2014-01-21,0.0
2014-01-22,0.0
2014-01-23,0.0
2014-01-24,0.0
2014-01-25,0.0
2014-01-26,0.0
2014-01-27,0.0
2014-01-28,3.0
2014-01-29,8.0
2014-01-30,0.0
2014-01-31,0.0
2014-02-01,0.0
2014-02-02,0.0
2014-02-03,533.0
2014-02-04,0.0
2014-02-05,140.0
2014-02-06,0.0
2014-02-07,0.0
2014-02-08,30.0
2014-02-09,0.0
2014-02-10,0.0
2014-02-11,165.0
2014-02-12,127.0
2014-02-13,25.0
2014-02-14,0.0
2014-02-15,25.0
2014-02-16,0.0
2014-02-17,0.0
2014-02-18,0.0
2014-02-19,0.0
2014-02-20,0.0
2014-02-21,254.0
2014-02-22,0.0
2014-02-23,0.0
2014-02-24,0.0
2014-02-25,0.0
2014-02-26,86.0
2014-02-27,0.0
2014-02-28,0.0
2014-03-01,0.0
2014-03-02,0.0
2014-03-03,71.0
2014-03-04,0.0
2014-03-05,0.0
2014-03-06,127.0
2014-03-07,36.0
2014-03-08,0.0
2014-03-09,0.0
2014-03-10,0.0
2014-03-11,0.0
2014-03-12,152.0
2014-03-13,0.0
2014-03-14,0.0
2014-03-15,0.0
2014-03-16,279.0
2014-03-17,0.0
2014-03-18,0.0
2014-03-19,0.0
2014-03-20,0.0
2014-03-21,0.0
2014-03-22,0.0
2014-03-23,0.0
2014-03-24,51.0
2014-03-25,0.0
2014-03-26,0.0
2014-03-27,0.0
2014-03-28,483.0
2014-03-29,356.0
2014-03-30,0.0
2014-03-31,0.0
2014-04-01,0.0
2014-04-02,0.0
2014-04-03,0.0
2014-04-04,127.0
2014-04-05,241.0
2014-04-06,165.0
2014-04-07,940.0
2014-04-08,0.0
2014-04-09,61.0
2014-04-10,0.0
2014-04-11,0.0
2014-04-12,0.0
2014-04-13,0.0
2014-04-14,584.0
2014-04-15,292.0
2014-04-16,0.0
2014-04-17,0.0
2014-04-18,0.0
2014-04-19,0.0
2014-04-20,0.0
2014-04-21,0.0
2014-04-22,5.0
2014-04-23,0.0
2014-04-24,0.0
2014-04-25,56.0
2014-04-26,0.0
2014-04-27,86.0
2014-04-28,0.0
2014-04-29,381.0
2014-04-30,0.0
2014-05-01,0.0
2014-05-02,0.0
2014-05-04,0.0
2014-05-05,0.0
2014-05-06,0.0
2014-05-08,0.0
2014-05-09,66.0
2014-05-10,490.0
2014-05-11,30.0
2014-05-12,91.0
2014-05-13,0.0
2014-05-14,0.0
2014-05-15,36.0
2014-05-16,0.0
2014-05-17,0.0
2014-05-18,0.0
2014-05-19,0.0
2014-05-20,0.0
2014-05-21,0.0
2014-05-22,0.0
2014-05-23,0.0
2014-05-24,0.0
2014-05-25,0.0
2014-05-26,0.0
2014-05-27,0.0
2014-05-28,559.0
2014-05-29,51.0
2014-05-30,127.0
2014-05-31,25.0
2014-06-01,66.0
2014-06-02,25.0
2014-06-03,30.0
2014-06-04,0.0
2014-06-05,0.0
2014-06-06,0.0
2014-06-07,0.0
2014-06-08,0.0
2014-06-09,323.0
2014-06-10,318.0
2014-06-11,381.0
2014-06-12,0.0
2014-06-13,15.0
2014-06-14,0.0
2014-06-15,0.0
2014-06-16,0.0
2014-06-17,0.0
2014-06-18,0.0
2014-06-19,0.0
2014-06-20,10.0
2014-06-21,76.0
2014-06-22,8.0
2014-06-23,107.0
2014-06-24,91.0
2014-06-25,30.0
2014-06-26,292.0
2014-06-27,178.0
2014-06-28,51.0
2014-06-29,15.0
2014-06-30,0.0
2014-07-01,0.0
2014-07-02,0.0
2014-07-03,0.0
2014-07-04,0.0
2014-07-05,0.0
2014-07-06,0.0
2014-07-07,0.0
2014-07-08,0.0
2014-07-09,0.0
2014-07-10,8.0
2014-07-11,508.0
2014-07-12,152.0
2014-07-13,0.0
2014-07-14,0.0
2014-07-15,66.0
2014-07-16,20.0
2014-07-17,0.0
2014-07-18,127.0
2014-07-19,203.0
2014-07-20,0.0
2014-07-21,0.0
2014-07-22,0.0
2014-07-23,0.0
2014-07-24,152.0
2014-07-25,0.0
2014-07-26,0.0
2014-07-27,0.0
2014-07-28,0.0
2014-07-29,0.0
2014-07-30,0.0
2014-07-31,0.0
2014-08-01,0.0
2014-08-02,8.0
2014-08-03,43.0
2014-08-04,0.0
2014-08-05,0.0
2014-08-06,0.0
2014-08-07,0.0
2014-08-08,10.0
2014-08-09,0.0
2014-08-10,13.0
2014-08-11,356.0
2014-08-12,127.0
2014-08-13,0.0
2014-08-14,0.0
2014-08-15,0.0
2014-08-16,0.0
2014-08-17,0.0
2014-08-18,0.0
2014-08-19,13.0
2014-08-20,0.0
2014-08-21,0.0
2014-08-22,51.0
2014-08-23,0.0
2014-08-24,0.0
2014-08-25,0.0
2014-08-26,0.0
2014-08-27,0.0
2014-08-28,0.0
2014-08-29,0.0
2014-08-30,5.0
2014-08-31,127.0
2014-09-01,0.0
2014-09-02,5.0
2014-09-03,762.0
2014-09-04,0.0
2014-09-05,0.0
2014-09-06,0.0
2014-09-07,0.0
2014-09-08,0.0
2014-09-09,0.0
2014-09-10,0.0
2014-09-11,0.0
2014-09-12,0.0
2014-09-13,577.0
2014-09-14,0.0
2014-09-15,0.0
2014-09-16,0.0
2014-09-17,0.0
2014-09-18,0.0
2014-09-19,51.0
2014-09-20,0.0
2014-09-21,0.0
2014-09-22,0.0
2014-09-23,0.0
2014-09-24,0.0
2014-09-25,0.0
2014-09-26,0.0
2014-09-27,0.0
2014-09-28,0.0
2014-09-29,0.0
2014-09-30,0.0
2014-10-01,0.0
2014-10-02,0.0
2014-10-03,229.0
2014-10-04,0.0
2014-10-05,0.0
2014-10-06,0.0
2014-10-07,0.0
2014-10-08,0.0
2014-10-09,0.0
2014-10-10,0.0
2014-10-11,0.0
2014-10-12,0.0
2014-10-13,5.0
2014-10-14,457.0
2014-10-15,0.0
2014-10-16,0.0
2014-10-17,0.0
2014-10-18,0.0
2014-10-19,0.0
2014-10-20,0.0
2014-10-21,0.0
2014-10-22,0.0
2014-10-23,0.0
2014-10-24,0.0
2014-10-25,0.0
2014-10-26,0.0
2014-10-27,0.0
2014-10-28,0.0
2014-10-29,0.0
2014-10-30,0.0
2014-10-31,0.0
2014-11-01,0.0
2014-11-02,0.0
2014-11-03,0.0
2014-11-04,0.0
2014-11-05,0.0
2014-11-06,66.0
2014-11-07,0.0
2014-11-08,0.0
2014-11-09,0.0
2014-11-10,0.0
2014-11-11,0.0
2014-11-12,0.0
2014-11-13,0.0
2014-11-14,0.0
2014-11-15,0.0
2014-11-16,5.0
2014-11-17,991.0
2014-11-18,0.0
2014-11-19,0.0
2014-11-20,0.0
2014-11-21,0.0
2014-11-22,0.0
2014-11-23,0.0
2014-11-24,102.0
2014-11-25,0.0
2014-11-26,0.0
2014-11-27,0.0
2014-11-28,0.0
2014-11-29,0.0
2014-11-30,0.0
2014-12-01,0.0
2014-12-02,0.0
2014-12-03,0.0
2014-12-04,0.0
2014-12-05,0.0
2014-12-06,30.0
2014-12-07,20.0
2014-12-08,0.0
2014-12-09,0.0
2014-12-10,0.0
2014-12-11,0.0
2014-12-12,0.0
2014-12-13,0.0
2014-12-14,0.0
2014-12-15,0.0
2014-12-16,119.0
2014-12-17,0.0
2014-12-18,0.0
2014-12-19,0.0
2014-12-20,122.0
2014-12-24,279.0
2014-12-28,775.0
2014-12-29,140.0
2014-12-30,0.0
2014-12-31,0.0
2015-01-01,0.0
2015-01-02,178.0
2015-01-03,91.0
2015-01-04,419.0
2015-01-05,0.0
2015-01-06,0.0
2015-01-07,0.0
2015-01-08,0.0
2015-01-09,0.0
2015-01-10,0.0
2015-01-11,13.0
2015-01-12,71.0
2015-01-13,114.0
2015-01-14,0.0
2015-01-15,36.0
2015-01-16,0.0
2015-01-17,0.0
2015-01-18,0.0
2015-01-19,0.0
2015-01-20,0.0
2015-01-21,0.0
2015-01-22,0.0
2015-01-23,305.0
2015-01-24,51.0
2015-01-25,0.0
2015-01-26,0.0
2015-01-27,0.0
2015-01-28,0.0
2015-01-29,0.0
2015-01-30,0.0
2015-01-31,0.0
2015-02-01,15.0
2015-02-02,191.0
2015-02-03,0.0
2015-02-04,0.0
2015-02-05,0.0
2015-02-06,0.0
2015-02-07,0.0
2015-02-08,0.0
2015-02-09,5.0
2015-02-10,0.0
2015-02-12,0.0
2015-02-13,0.0
2015-02-14,0.0
2015-02-15,0.0
2015-02-16,38.0
2015-02-17,305.0
2015-02-18,0.0
2015-02-20,15.0
2015-02-21,0.0
2015-02-22,394.0
2015-02-23,173.0
2015-02-24,152.0
2015-02-25,8.0
2015-02-26,368.0
2015-02-27,0.0
2015-02-28,0.0
2015-03-01,0.0
2015-03-02,267.0
2015-03-03,61.0
2015-03-04,41.0
2015-03-05,127.0
2015-03-06,36.0
2015-03-07,0.0
2015-03-08,0.0
2015-03-09,25.0
2015-03-10,267.0
2015-03-11,160.0
2015-03-12,0.0
2015-03-13,46.0
2015-03-14,343.0
2015-03-15,0.0
2015-03-16,0.0
2015-03-17,0.0
2015-03-18,0.0
2015-03-19,41.0
2015-03-20,0.0
2015-03-21,102.0
2015-03-22,457.0
2015-03-23,51.0
2015-03-24,0.0
2015-03-25,0.0
2015-03-26,0.0
2015-03-27,51.0
2015-03-28,0.0
2015-03-29,0.0
2015-03-30,0.0
2015-03-31,8.0
2015-04-01,0.0
2015-04-02,0.0
2015-04-03,0.0
2015-04-04,178.0
2015-04-05,0.0
2015-04-06,25.0
2015-04-07,51.0
2015-04-08,0.0
2015-04-09,0.0
2015-04-10,0.0
2015-04-11,191.0
2015-04-12,0.0
2015-04-13,0.0
2015-04-14,127.0
2015-04-15,0.0
2015-04-16,20.0
2015-04-17,18.0
2015-04-18,91.0
2015-04-19,538.0
2015-04-20,0.0
2015-04-21,0.0
2015-04-22,0.0
2015-04-23,20.0
2015-04-24,5.0
2015-04-25,140.0
2015-04-26,0.0
2015-04-27,0.0
2015-04-28,0.0
2015-04-29,8.0
2015-04-30,0.0
2015-05-01,0.0
2015-05-02,0.0
2015-05-03,0.0
2015-05-04,0.0
2015-05-05,0.0
2015-05-06,0.0
2015-05-07,0.0
2015-05-08,0.0
2015-05-09,0.0
2015-05-10,5.0
2015-05-11,0.0
2015-05-12,102.0
2015-05-13,5.0
2015-05-14,0.0
2015-05-15,0.0
2015-05-16,66.0
2015-05-17,30.0
2015-05-18,208.0
2015-05-19,254.0
2015-05-20,0.0
2015-05-21,86.0
2015-05-22,0.0
2015-05-23,0.0
2015-05-24,0.0
2015-05-25,470.0
2015-05-26,254.0
2015-05-27,33.0
2015-05-28,5.0
2015-05-29,0.0
2015-05-30,0.0
2015-05-31,102.0
2015-06-01,102.0
2015-06-02,0.0
2015-06-03,0.0
2015-06-04,0.0
2015-06-05,0.0
2015-06-06,0.0
2015-06-07,0.0
2015-06-08,203.0
2015-06-09,0.0
2015-06-10,0.0
2015-06-11,241.0
2015-06-12,36.0
2015-06-13,25.0
2015-06-14,86.0
2015-06-15,86.0
2015-06-16,25.0
2015-06-17,0.0
2015-06-18,0.0
2015-06-19,0.0
2015-06-20,0.0
2015-06-21,0.0
2015-06-22,0.0
2015-06-23,0.0
2015-06-24,0.0
2015-06-25,241.0
2015-06-26,0.0
2015-06-28,51.0
2015-06-29,0.0
2015-06-30,0.0
2015-07-01,241.0
2015-07-02,0.0
2015-07-03,0.0
2015-07-04,0.0
2015-07-05,165.0
2015-07-06,191.0
2015-07-07,0.0
2015-07-11,102.0
2015-07-22,0.0
2015-07-23,0.0
2015-07-24,0.0
2015-07-25,0.0
2015-07-26,0.0
2015-07-27,0.0
2015-07-28,0.0
2015-07-29,0.0
2015-07-30,0.0
2015-07-31,10.0
2015-08-02,0.0
2015-08-03,0.0
2015-08-04,0.0
2015-08-05,0.0
2015-08-06,0.0
2015-08-07,0.0
2015-08-08,0.0
2015-08-09,10.0
2015-08-10,0.0
2015-08-11,0.0
2015-08-12,0.0
2015-08-13,0.0
2015-08-14,0.0
2015-08-15,0.0
2015-08-16,0.0
2015-08-17,10.0
2015-08-20,15.0
2015-08-21,0.0
2015-08-22,0.0
2015-08-23,56.0
2015-08-24,0.0
2015-08-25,0.0
2015-08-26,0.0
2015-08-27,0.0
2015-08-28,0.0
2015-08-29,0.0
2015-08-30,0.0
2015-08-31,0.0
2015-09-01,0.0
2015-09-02,58.0
2015-09-03,0.0
2015-09-04,0.0
2015-09-05,0.0
2015-09-06,0.0
2015-09-07,0.0
2015-09-08,0.0
2015-09-09,0.0
2015-09-10,0.0
2015-09-11,15.0
2015-09-12,196.0
2015-09-13,0.0
2015-09-14,0.0
2015-09-15,0.0
2015-09-17,0.0
2015-09-18,0.0
2015-09-19,0.0
2015-09-20,0.0
2015-09-21,10.0
2015-09-22,8.0
2015-09-27,0.0
2015-09-28,0.0
2015-09-29,0.0
2015-09-30,15.0
2015-10-01,0.0
2015-10-02,0.0
2015-10-03,0.0
2015-10-04,0.0
2015-10-05,0.0
2015-10-06,0.0
2015-10-07,0.0
2015-10-08,0.0
2015-10-09,0.0
2015-10-10,10.0
2015-10-12,0.0
2015-10-13,0.0
2015-10-14,0.0
2015-10-15,0.0
2015-10-16,0.0
2015-10-17,0.0
2015-10-18,0.0
2015-10-19,0.0
2015-10-21,0.0
2015-10-22,0.0
2015-10-23,0.0
2015-10-24,0.0
2015-10-25,41.0
2015-10-26,1041.0
2015-10-27,132.0
2015-10-28,152.0
2015-10-29,30.0
2015-10-30,0.0
2015-10-31,0.0
2015-11-01,584.0
2015-11-02,117.0
2015-11-03,30.0
2015-11-04,0.0
2015-11-05,0.0
2015-11-06,71.0
2015-11-07,940.0
2015-11-08,254.0
2015-11-09,0.0
2015-11-10,0.0
2015-11-11,0.0
2015-11-12,48.0
2015-11-13,0.0
2015-11-14,0.0
2015-11-15,0.0
2015-11-16,0.0
2015-11-17,0.0
2015-11-18,775.0
2015-11-19,0.0
2015-11-20,0.0
2015-11-21,0.0
2015-11-22,0.0
2015-11-23,0.0
2015-11-24,0.0
2015-11-25,0.0
2015-11-26,0.0
2015-11-27,0.0
2015-11-28,0.0
2015-11-29,0.0
2015-11-30,51.0
2015-12-01,147.0
2015-12-02,25.0
2015-12-03,0.0
2015-12-04,0.0
2015-12-05,0.0
2015-12-06,0.0
2015-12-07,0.0
2015-12-08,0.0
2015-12-09,0.0
2015-12-10,0.0
2015-12-11,0.0
2015-12-12,0.0
2015-12-13,0.0
2015-12-14,279.0
2015-12-15,0.0
2015-12-16,0.0
2015-12-17,46.0
2015-12-18,0.0
2015-12-19,0.0
2015-12-20,0.0
2015-12-21,15.0
2015-12-22,503.0
2015-12-23,0.0
2015-12-24,41.0
2015-12-25,127.0
2015-12-26,211.0
2015-12-27,0.0
2015-12-28,191.0
2015-12-29,51.0
2015-12-30,5.0
2015-12-31,0.0
2016-01-01,0.0
2016-01-02,0.0
2016-01-03,0.0
2016-01-04,0.0
2016-01-05,0.0
2016-01-06,0.0
2016-01-07,0.0
2016-01-08,64.0
2016-01-09,102.0
2016-01-10,132.0
2016-01-11,0.0
2016-01-12,0.0
2016-01-13,0.0
2016-01-14,0.0
2016-01-15,0.0
2016-01-16,0.0
2016-01-17,0.0
2016-01-18,0.0
2016-01-19,0.0
2016-01-20,0.0
2016-01-21,25.0
2016-01-22,577.0
2016-01-23,10.0
2016-01-24,0.0
2016-01-26,91.0
2016-01-27,145.0
2016-01-28,0.0
2016-01-29,0.0
2016-01-30,0.0
2016-01-31,0.0
2016-02-01,0.0
2016-02-02,8.0
2016-02-03,864.0
2016-02-04,0.0
2016-02-05,0.0
2016-02-06,0.0
2016-02-07,0.0
2016-02-08,0.0
2016-02-09,0.0
2016-02-10,0.0
2016-02-11,0.0
2016-02-12,0.0
2016-02-13,0.0
2016-02-14,0.0
2016-02-15,112.0
2016-02-16,406.0
2016-02-17,0.0
2016-02-18,0.0
2016-02-19,0.0
2016-02-21,0.0
2016-02-22,267.0
2016-02-23,112.0
2016-02-24,241.0
2016-02-25,46.0
2016-02-26,0.0
2016-02-28,0.0
2016-02-29,0.0
2016-03-02,5.0
2016-03-03,10.0
2016-03-04,56.0
2016-03-09,0.0
2016-03-10,127.0
2016-03-11,1676.0
2016-03-12,127.0
2016-03-13,203.0
2016-03-14,0.0
2016-03-18,127.0
2016-03-19,356.0
2016-03-20,0.0
2016-03-24,10.0
2016-03-25,61.0
2016-03-27,0.0
2016-03-28,132.0
2016-03-31,508.0
2016-04-01,254.0
2016-04-02,41.0
2016-04-12,1118.0
2016-04-13,15.0
2016-04-14,36.0
2016-04-15,51.0
2016-04-16,330.0
2016-04-21,140.0
2016-04-28,15.0
2016-05-01,46.0
2016-05-02,91.0
2016-05-03,81.0
2016-05-10,0.0
2016-05-17,76.0
2016-05-18,0.0
2016-05-20,30.0
2016-05-26,0.0
2016-05-29,0.0
2016-06-01,150.0
2016-06-04,81.0
2016-06-12,81.0
2016-06-13,20.0
2016-06-14,10.0
2016-06-15,20.0
2016-06-18,117.0
2016-06-20,137.0
2016-06-21,8.0
2016-06-22,51.0
2016-06-26,13.0
2016-06-28,229.0
2016-07-06,25.0
2016-07-10,51.0
2016-07-11,56.0
2016-07-13,36.0
2016-07-14,0.0
2016-07-15,51.0
2016-07-18,51.0
2016-07-21,140.0
2016-07-22,10.0
2016-07-24,76.0
2016-07-25,46.0
2016-07-27,0.0
2016-07-28,91.0
2016-07-29,76.0
2016-07-30,13.0
2016-07-31,610.0
2016-08-01,94.0
2016-08-05,38.0
2016-08-06,178.0
2016-08-07,457.0
2016-08-08,20.0
2016-08-10,277.0
2016-08-11,86.0
2016-08-12,231.0
2016-08-13,165.0
2016-08-14,20.0
2016-08-15,71.0
2016-08-17,15.0
2016-08-18,25.0
2016-08-19,97.0
2016-08-20,185.0
2016-08-21,81.0
2016-08-23,76.0
2016-08-26,15.0
2016-08-27,112.0
2016-08-29,25.0
2016-09-06,10.0
2016-09-11,20.0
2016-09-17,66.0
2016-09-18,61.0
2016-09-26,102.0
2016-10-20,56.0
2016-10-21,30.0
2016-11-08,112.0
2016-11-09,76.0
2016-11-19,25.0
2016-11-24,41.0
2016-11-29,406.0
2016-11-30,356.0
2016-12-04,249.0
2016-12-05,152.0
2016-12-06,394.0
2016-12-07,0.0
2016-12-12,89.0
2016-12-13,15.0
2016-12-14,5.0
2016-12-18,305.0
2016-12-22,36.0
2016-12-29,122.0
2016-12-31,10.0
2017-01-01,147.0
2017-01-02,218.0
2017-01-03,191.0
2017-01-07,140.0
2017-01-19,102.0
2017-01-20,424.0
2017-01-21,216.0
2017-01-22,267.0
2017-01-23,152.0
2017-01-24,0.0
2017-01-26,36.0
2017-02-03,10.0
2017-02-05,8.0
2017-02-06,13.0
2017-02-07,254.0
2017-02-08,102.0
2017-02-15,30.0
2017-02-18,0.0
2017-02-21,124.0
2017-02-22,36.0
2017-02-28,330.0
2017-03-02,25.0
2017-03-05,5.0
2017-03-06,25.0
2017-03-08,178.0
2017-03-10,66.0
2017-03-12,114.0
2017-03-13,0.0
2017-03-14,51.0
2017-03-25,117.0
2017-03-26,41.0
2017-03-28,61.0
2017-03-30,254.0
2017-04-03,1727.0
2017-04-04,0.0
2017-04-05,0.0
2017-04-06,20.0
2017-04-12,0.0
2017-04-18,25.0
2017-04-19,0.0
2017-04-21,10.0
2017-04-23,254.0
2017-04-24,0.0
2017-04-27,445.0
2017-04-28,20.0
2017-05-01,229.0
2017-05-04,254.0
2017-05-05,25.0
2017-05-13,76.0
2017-05-19,15.0
2017-05-20,142.0
2017-05-21,157.0
2017-05-22,292.0
2017-05-23,528.0
2017-05-24,165.0
2017-05-29,358.0
2017-06-02,122.0
2017-06-04,46.0
2017-06-05,81.0
2017-06-06,127.0
2017-06-07,188.0
2017-06-12,127.0
2017-06-13,25.0
2017-06-15,25.0
2017-06-16,25.0
2017-06-17,411.0
2017-06-20,401.0
2017-06-21,86.0
2017-06-22,356.0
2017-06-23,41.0
2017-06-24,254.0
2017-06-25,25.0
2017-06-29,36.0
2017-06-30,71.0
2017-07-02,147.0
2017-07-12,41.0
2017-07-13,56.0
2017-07-16,737.0
2017-07-17,318.0
2017-07-23,140.0
2017-07-25,20.0
2017-07-30,51.0
2017-08-06,61.0
2017-08-07,127.0
2017-08-08,406.0
2017-08-09,363.0
2017-08-10,343.0
2017-08-11,135.0
2017-08-12,25.0
2017-08-14,279.0
2017-08-16,191.0
2017-08-17,56.0
2017-08-18,30.0
2017-08-19,13.0
2017-08-24,165.0
2017-08-29,46.0
2017-08-30,30.0
2017-08-31,122.0
2017-09-01,229.0
2017-09-06,76.0
2017-09-12,0.0
2017-09-13,76.0
2017-09-19,8.0
2017-09-20,36.0
2017-09-21,66.0
2017-10-03,13.0
2017-10-08,20.0
2017-10-09,20.0
2017-10-11,46.0
2017-10-22,25.0
2017-10-23,102.0
2017-10-28,216.0
2017-11-01,36.0
2017-11-02,61.0
2017-11-03,0.0
2017-11-04,76.0
2017-11-09,61.0
2017-11-19,15.0
2017-11-30,8.0
2017-12-04,0.0
2017-12-05,8.0
2017-12-06,241.0
2017-12-07,25.0
2017-12-09,203.0
2017-12-17,165.0
2017-12-18,20.0
2017-12-20,165.0
2017-12-23,36.0
2017-12-27,117.0
2017-12-31,18.0
2018-01-23,234.0
2018-01-28,127.0
2018-02-02,38.0
2018-02-04,470.0
2018-02-07,762.0
2018-02-08,86.0
2018-02-10,66.0
2018-02-11,254.0
2018-02-12,56.0
2018-02-13,61.0
2018-02-18,51.0
2018-02-22,330.0
2018-02-24,127.0
2018-02-25,127.0
2018-02-26,681.0
2018-02-28,51.0
2018-03-02,127.0
2018-03-06,508.0
2018-03-11,457.0
2018-03-17,191.0
2018-03-18,216.0
2018-03-29,457.0
2018-03-30,71.0
2018-04-04,152.0
2018-04-07,584.0
2018-04-08,41.0
2018-04-15,584.0
2018-04-22,224.0
2018-04-23,406.0
2018-04-26,165.0
2018-05-06,325.0
2018-05-16,5.0
2018-05-18,142.0
2018-05-21,5.0
2018-05-22,46.0
2018-05-24,61.0
2018-05-25,71.0
2018-05-26,61.0
2018-05-30,20.0
2018-06-05,13.0
2018-06-06,152.0
2018-06-10,8.0
2018-06-12,30.0
2018-06-14,41.0
2018-06-18,0.0
2018-06-19,163.0
2018-06-21,30.0
2018-06-23,56.0
2018-06-27,0.0
2018-06-29,36.0
2018-07-03,61.0
2018-07-05,15.0
2018-07-07,279.0
2018-07-08,20.0
2018-07-09,25.0
2018-07-11,25.0
2018-07-12,140.0
2018-07-14,20.0
2018-07-15,107.0
2018-07-17,508.0
2018-07-18,71.0
2018-07-19,345.0
2018-07-20,56.0
2018-07-23,0.0
2018-07-29,330.0
2018-08-01,51.0
2018-08-03,117.0
2018-08-04,30.0
2018-08-10,76.0
2018-08-13,292.0
2018-08-18,533.0
2018-08-19,224.0
2018-08-21,36.0
2018-08-30,8.0
2018-09-01,127.0
2018-09-02,91.0
2018-09-03,15.0
2018-09-05,86.0
2018-09-06,411.0
2018-09-07,8.0
2018-09-09,279.0
2018-09-10,152.0
2018-09-11,10.0
2018-09-12,81.0
2018-09-23,132.0
2018-09-24,81.0
2018-09-26,30.0
2018-09-27,1295.0
2018-09-28,122.0
2018-10-17,71.0
2018-11-01,254.0
2018-11-05,140.0
2018-11-06,117.0
2018-11-08,508.0
2018-11-09,152.0
2018-11-10,76.0
2018-11-12,254.0
2018-11-13,655.0
2018-11-14,36.0
2018-11-24,173.0
2018-11-30,119.0
2018-12-01,61.0
2018-12-02,13.0
2018-12-08,343.0
2018-12-09,356.0
2018-12-14,127.0
2018-12-15,30.0
2018-12-20,165.0
2018-12-21,10.0
2018-12-28,808.0
2018-12-30,140.0
2018-12-31,10.0
2019-01-01,165.0
2019-01-02,38.0
2019-01-03,711.0
2019-01-04,394.0
2019-01-05,51.0
2019-01-13,203.0
2019-01-17,10.0
2019-01-18,30.0
2019-01-19,274.0
2019-01-20,61.0
2019-01-24,160.0
2019-01-29,51.0
2019-02-06,20.0
2019-02-07,5.0
2019-02-09,20.0
2019-02-12,112.0
2019-02-13,41.0
2019-02-16,15.0
2019-02-17,8.0
2019-02-18,142.0
2019-02-19,20.0
2019-02-20,127.0
2019-02-21,254.0
2019-02-22,71.0
2019-02-23,41.0
2019-02-24,178.0
2019-02-28,188.0
2019-03-01,25.0
2019-03-02,13.0
2019-03-03,15.0
2019-03-04,292.0
2019-03-10,43.0
2019-03-11,94.0
2019-03-15,20.0
2019-03-26,165.0
2019-03-31,211.0
2019-04-05,267.0
2019-04-07,269.0
2019-04-08,117.0
2019-04-09,61.0
2019-04-10,5.0
2019-04-12,127.0
2019-04-13,76.0
2019-04-14,734.0
2019-04-15,3.0
2019-04-19,597.0
2019-04-20,8.0
2019-04-26,345.0
2019-05-02,0.0
2019-05-04,142.0
2019-05-05,130.0
2019-05-09,193.0
2019-05-10,1026.0
2019-05-11,104.0
2019-05-12,23.0
2019-05-13,5.0
2019-05-19,241.0
2019-05-20,53.0
2019-06-06,76.0
2019-06-07,163.0
2019-06-08,112.0
2019-06-18,257.0
2019-06-20,30.0
2019-06-24,71.0
2019-06-26,30.0
2019-06-28,10.0
2019-06-29,94.0
2019-07-11,117.0
2019-07-12,23.0
2019-07-13,3.0
2019-07-14,277.0
2019-07-15,213.0
2019-07-16,310.0
2019-07-17,13.0
2019-07-22,30.0
2019-07-23,25.0
2019-07-24,79.0
2019-07-30,20.0
2019-07-31,3.0
2019-08-01,470.0
2019-08-08,41.0
2019-08-10,99.0
2019-08-13,3.0
2019-08-15,13.0
2019-08-19,119.0
2019-08-20,91.0
2019-08-22,3.0
2019-08-23,25.0
2019-08-24,3.0
2019-08-26,216.0
2019-08-27,264.0
2019-08-28,3.0
2019-09-20,132.0
2019-10-04,10.0
2019-10-05,8.0
2019-10-11,10.0
2019-10-12,5.0
2019-10-14,5.0
2019-10-15,114.0
2019-10-16,1494.0
2019-10-21,5.0
2019-10-22,249.0
2019-10-23,0.0
2019-10-24,0.0
2019-10-25,257.0
2019-10-26,378.0
2019-10-27,279.0
2019-10-28,0.0
2019-10-29,0.0
2019-10-30,709.0
2019-10-31,734.0
2019-11-01,0.0
2019-11-02,0.0
2019-11-03,0.0
2019-11-04,0.0
2019-11-05,0.0
2019-11-06,0.0
2019-11-07,0.0
2019-11-08,15.0
2019-11-09,0.0
2019-11-10,0.0
2019-11-11,0.0
2019-11-12,137.0
2019-11-13,0.0
2019-11-14,0.0
2019-11-15,8.0
2019-11-16,0.0
2019-11-17,0.0
2019-11-18,0.0
2019-11-19,0.0
2019-11-20,0.0
2019-11-21,0.0
2019-11-22,0.0
2019-11-23,213.0
2019-11-24,3.0
2019-11-25,0.0
2019-11-26,0.0
2019-11-27,178.0
2019-11-28,0.0
2019-11-29,0.0
2019-11-30,0.0
2019-12-01,140.0
2019-12-02,0.0
2019-12-03,0.0
2019-12-04,0.0
2019-12-05,0.0
2019-12-06,5.0
2019-12-07,163.0
2019-12-08,0.0
2019-12-09,0.0
2019-12-10,69.0
2019-12-11,140.0
2019-12-12,0.0
2019-12-13,0.0
2019-12-14,0.0
2019-12-15,0.0
2019-12-16,0.0
2019-12-17,246.0
2019-12-18,0.0
2019-12-19,0.0
2019-12-20,0.0
2019-12-21,0.0
2019-12-22,244.0
2019-12-23,269.0
2019-12-24,0.0
2019-12-26,0.0
2019-12-27,0.0
2019-12-28,20.0
2019-12-29,23.0
2019-12-30,208.0
2019-12-31,0.0
2020-01-02,178.0
2020-01-03,1057.0
2020-01-04,18.0
2020-01-11,559.0
2020-01-14,51.0
2020-01-15,973.0
2020-01-16,104.0
2020-01-17,5.0
2020-01-18,124.0
2020-01-19,140.0
2020-01-23,23.0
2020-01-24,142.0
2020-01-26,18.0
2020-01-27,25.0
2020-01-29,18.0
2020-01-30,51.0
2020-02-01,8.0
2020-02-04,10.0
2020-02-05,13.0
2020-02-06,323.0
2020-02-07,3.0
2020-02-10,470.0
2020-02-11,386.0
2020-02-12,107.0
2020-02-13,605.0
2020-02-16,33.0
2020-02-17,0.0
2020-02-18,15.0
2020-02-19,74.0
2020-02-20,546.0
2020-02-21,74.0
2020-02-25,135.0
2020-02-26,25.0
2020-02-27,10.0
2020-03-02,28.0
2020-03-03,30.0
2020-03-04,292.0
2020-03-05,411.0
2020-03-06,23.0
2020-03-10,74.0
2020-03-11,25.0
2020-03-21,221.0
2020-03-22,208.0
2020-03-23,46.0
2020-03-24,0.0
2020-03-29,165.0
2020-03-31,168.0
2020-04-05,3.0
2020-04-08,0.0
2020-04-09,5.0
2020-04-13,391.0
2020-04-20,650.0
2020-04-23,732.0
2020-04-25,74.0
2020-04-29,79.0
2020-05-09,114.0
2020-05-15,38.0
2020-05-16,41.0
2020-05-17,33.0
2020-05-18,5.0
2020-05-19,8.0
2020-05-24,130.0
2020-05-27,340.0
2020-05-28,15.0
2020-05-29,117.0
2020-06-03,8.0
2020-06-04,58.0
2020-06-06,287.0
2020-06-08,518.0
2020-06-09,262.0
2020-06-10,58.0
2020-06-14,0.0
2020-06-15,0.0
2020-06-16,0.0
2020-06-17,0.0
2020-06-18,0.0
2020-06-19,0.0
2020-06-20,0.0
2020-06-21,0.0
2020-06-22,356.0
2020-06-23,97.0
2020-06-24,3.0
2020-06-25,0.0
2020-06-26,79.0
2020-06-27,3.0
2020-06-28,0.0
2020-06-29,0.0
2020-06-30,10.0
2020-07-01,0.0
2020-07-02,5.0
2020-07-03,333.0
2020-07-04,0.0
2020-07-05,61.0
2020-07-06,51.0
2020-07-07,3.0
2020-07-08,61.0
2020-07-09,76.0
2020-07-10,0.0
2020-07-11,0.0
2020-07-12,0.0
2020-07-13,0.0
2020-07-14,0.0
2020-07-15,0.0
2020-07-16,0.0
2020-07-17,0.0
2020-07-18,10.0
2020-07-19,0.0
2020-07-20,0.0
2020-07-21,0.0
2020-07-22,0.0
2020-07-23,0.0
2020-07-24,142.0
2020-07-25,41.0
2020-07-26,117.0
2020-07-27,122.0
2020-07-28,10.0
2020-07-29,74.0
2020-07-30,0.0
2020-07-31,0.0
2020-08-01,3.0
2020-08-02,0.0
2020-08-03,0.0
2020-08-04,0.0
2020-08-05,0.0
2020-08-06,0.0
2020-08-07,0.0
2020-08-08,0.0
2020-08-09,10.0
2020-08-10,0.0
2020-08-11,0.0
2020-08-12,0.0
2020-08-13,86.0
2020-08-14,239.0
2020-08-15,401.0
2020-08-16,0.0
2020-08-17,236.0
2020-08-18,0.0
2020-08-19,0.0
2020-08-20,0.0
2020-08-21,20.0
2020-08-22,15.0
2020-08-23,0.0
2020-08-24,0.0
2020-08-25,0.0
2020-08-26,0.0
2020-08-28,445.0
2020-08-29,0.0
2020-08-30,0.0
2020-08-31,8.0
2020-09-01,0.0
2020-09-02,0.0
2020-09-03,0.0
2020-09-04,0.0
2020-09-05,0.0
2020-09-06,0.0
2020-09-07,0.0
2020-09-08,0.0
2020-09-09,0.0
2020-09-10,0.0
2020-09-11,0.0
2020-09-12,5.0
2020-09-13,152.0
2020-09-14,0.0
2020-09-15,0.0
2020-09-16,13.0
2020-09-18,0.0
2020-09-19,0.0
2020-09-20,0.0
2020-09-21,0.0
2020-09-22,0.0
2020-09-23,0.0
2020-09-24,1087.0
2020-09-25,61.0
2020-09-26,3.0
2020-09-27,5.0
2020-09-28,0.0
2020-09-29,5.0
2020-09-30,0.0
2020-10-01,0.0
2020-10-02,0.0
2020-10-04,0.0
2020-10-09,221.0
2020-10-10,152.0
2020-10-14,0.0
2020-10-15,0.0
2020-10-16,3.0
2020-10-17,0.0
2020-10-19,0.0
2020-10-22,0.0
2020-10-23,0.0
2020-10-24,81.0
2020-10-26,0.0
2020-10-27,0.0
2020-10-28,500.0
2020-10-29,69.0
2020-10-30,0.0
2020-11-01,0.0
2020-11-09,0.0
2020-11-10,5.0
2020-11-11,3.0
2020-11-12,0.0
2020-11-13,0.0
2020-11-15,0.0
2020-11-16,20.0
2020-11-17,0.0
2020-11-18,0.0
2020-11-19,0.0
2020-11-20,0.0
2020-11-23,0.0
2020-11-24,0.0
2020-11-25,20.0
2020-11-26,124.0
2020-11-27,0.0
2020-11-28,180.0
2020-11-29,15.0
2020-11-30,404.0
2020-12-01,0.0
2020-12-02,0.0
2020-12-04,137.0
2020-12-05,0.0
2020-12-06,0.0
2020-12-07,0.0
2020-12-08,0.0
2020-12-09,0.0
2020-12-10,0.0
2020-12-11,0.0
2020-12-12,183.0
2020-12-13,0.0
2020-12-14,295.0
2020-12-15,0.0
2020-12-16,53.0
2020-12-17,0.0
2020-12-18,0.0
2020-12-19,0.0
2020-12-20,89.0
2020-12-21,0.0
2020-12-22,0.0
2020-12-23,0.0
2020-12-24,386.0
2020-12-25,0.0
2020-12-26,0.0
2020-12-27,0.0
2020-12-28,0.0
2020-12-29,0.0
2020-12-30,0.0
2020-12-31,0.0
2021-01-01,292.0
2021-01-02,0.0
2021-01-03,0.0
2021-01-04,0.0
2021-01-05,0.0
2021-01-06,0.0
2021-01-07,170.0
2021-01-08,76.0
2021-01-09,0.0
2021-01-10,0.0
2021-01-11,318.0
2021-01-12,0.0
2021-01-13,30.0
2021-01-14,51.0
2021-01-15,0.0
2021-01-16,0.0
2021-01-17,0.0
2021-01-18,0.0
2021-01-19,0.0
2021-01-20,8.0
2021-01-21,10.0
2021-01-22,241.0
2021-01-23,30.0
2021-01-24,0.0
2021-01-25,51.0
2021-01-26,102.0
2021-01-27,25.0
2021-01-28,0.0
2021-01-29,0.0
2021-01-30,0.0
2021-01-31,56.0
2021-02-01,0.0
2021-02-02,0.0
2021-02-03,0.0
2021-02-04,0.0
2021-02-05,81.0
2021-02-06,0.0
2021-02-07,64.0
2021-02-08,0.0
2021-02-09,5.0
2021-02-10,0.0
2021-02-11,30.0
2021-02-12,46.0
2021-02-13,28.0
2021-02-14,0.0
2021-02-15,102.0
2021-02-16,102.0
2021-02-17,0.0
2021-02-18,203.0
2021-02-19,0.0
2021-02-20,0.0
2021-02-21,0.0
2021-02-22,25.0
2021-02-23,0.0
2021-02-24,0.0
2021-02-25,5.0
2021-02-26,5.0
2021-02-27,0.0
2021-02-28,0.0
2021-03-01,112.0
2021-03-02,241.0
2021-03-03,56.0
2021-03-04,0.0
2021-03-05,0.0
2021-03-06,0.0
2021-03-07,0.0
2021-03-08,0.0
2021-03-09,0.0
2021-03-10,0.0
2021-03-11,0.0
2021-03-12,0.0
2021-03-13,0.0
2021-03-15,0.0
2021-03-16,239.0
2021-03-17,127.0
2021-03-18,241.0
2021-03-19,0.0
2021-03-20,0.0
2021-03-21,0.0
2021-03-22,0.0
2021-03-23,0.0
2021-03-24,173.0
2021-03-25,112.0
2021-03-26,86.0
2021-03-27,0.0
2021-03-28,97.0
2021-03-29,0.0
2021-03-30,0.0
2021-03-31,86.0
2021-04-01,107.0
2021-04-02,0.0
2021-09-13,0.0
2021-09-14,5.0
2021-09-15,127.0
2021-09-16,10.0
2021-09-17,0.0
2021-09-18,0.0
2021-09-19,0.0
2021-09-20,0.0
2021-09-21,0.0
2021-09-22,3.0
2021-09-23,0.0
2021-09-24,0.0
2021-09-25,0.0
2021-09-27,0.0
2021-09-28,0.0
2021-09-29,5.0
2021-09-30,15.0
2021-10-01,0.0
2021-10-02,0.0
2021-10-03,20.0
2021-10-04,0.0
2021-10-06,10.0
2021-10-07,0.0
2021-10-08,0.0
2021-10-09,0.0
2021-10-10,0.0
2021-10-11,0.0
2021-10-12,0.0
2021-10-13,0.0
2021-10-14,0.0
2021-10-15,0.0
2021-10-16,38.0
2021-10-17,0.0
2021-10-18,0.0
2021-10-19,0.0
2021-10-20,0.0
2021-10-21,10.0
2021-10-22,0.0
2021-10-23,0.0
2021-10-24,0.0
2021-10-25,0.0
2021-10-26,0.0
2021-10-27,0.0
2021-10-28,267.0
2021-10-29,5.0
2021-10-30,5.0
2021-10-31,0.0
2021-11-01,0.0
2021-11-02,0.0
2021-11-03,0.0
2021-11-04,10.0
2021-11-05,0.0
2021-11-06,0.0
2021-11-07,0.0
2021-11-08,0.0
2021-11-09,0.0
2021-11-10,0.0
2021-11-11,0.0
2021-11-12,43.0
2021-11-13,0.0
2021-11-14,0.0
2021-11-15,0.0
2021-11-16,0.0
2021-11-17,0.0
2021-11-18,0.0
2021-11-19,5.0
2021-11-20,0.0
2021-11-21,0.0
2021-11-22,130.0
2021-11-26,66.0
2021-11-27,0.0
2021-11-28,10.0
2021-11-29,20.0
2021-11-30,0.0
2021-12-01,0.0
2021-12-02,0.0
2021-12-03,0.0
2021-12-04,0.0
2021-12-05,0.0
2021-12-06,0.0
2021-12-07,310.0
2021-12-08,0.0
2021-12-09,0.0
2021-12-10,0.0
2021-12-11,117.0
2021-12-12,127.0
2021-12-13,0.0
2021-12-14,0.0
2021-12-15,0.0
2021-12-16,0.0
2021-12-17,0.0
2021-12-18,8.0
2021-12-19,119.0
2021-12-20,0.0
2021-12-21,109.0
2021-12-23,0.0
2021-12-24,0.0
2021-12-27,0.0
2021-12-28,0.0
2021-12-29,66.0
2021-12-30,3.0
2021-12-31,51.0
2022-01-01,0.0
2022-01-02,13.0
2022-01-03,23.0
2022-01-04,0.0
2022-01-05,0.0
2022-01-07,5.0
2022-01-10,665.0
2022-01-16,124.0
2022-01-20,429.0
2022-01-25,89.0
2022-02-02,18.0
2022-02-04,79.0
2022-02-18,371.0
2022-02-21,10.0
2022-02-22,20.0
2022-02-27,33.0
2022-03-08,10.0
2022-03-09,1021.0
2022-03-12,23.0
2022-03-15,91.0
2022-03-16,206.0
2022-03-18,246.0
2022-03-19,69.0
2022-03-23,610.0
2022-03-31,457.0
2022-04-05,544.0
2022-04-11,152.0
2022-04-13,218.0
2022-04-14,450.0
2022-04-16,15.0
2022-04-17,218.0
2022-04-18,323.0
2022-04-26,23.0
2022-04-29,0.0
2022-05-01,28.0
2022-05-02,0.0
2022-05-03,0.0
2022-05-04,0.0
2022-05-05,0.0
2022-05-06,64.0
2022-05-07,0.0
2022-05-08,0.0
2022-05-09,0.0
2022-05-10,0.0
2022-05-11,0.0
2022-05-12,0.0
2022-05-13,155.0
2022-05-14,112.0
2022-05-15,15.0
2022-05-16,0.0
2022-05-17,0.0
2022-05-18,0.0
2022-05-19,0.0
2022-05-20,0.0
2022-05-21,0.0
2022-05-22,0.0
2022-05-23,36.0
2022-05-24,0.0
2022-05-25,508.0
2022-05-26,302.0
2022-05-27,0.0
2022-05-28,0.0
2022-05-29,0.0
2022-05-30,0.0
2022-05-31,0.0
2022-06-01,0.0
2022-06-02,5.0
2022-06-03,97.0
2022-06-04,41.0
2022-06-05,0.0
2022-06-06,0.0
2022-06-07,0.0
2022-06-08,0.0
2022-06-09,3.0
2022-06-10,0.0
2022-06-11,348.0
2022-06-12,0.0
2022-06-13,0.0
2022-06-14,0.0
2022-06-15,0.0
2022-06-16,0.0
2022-06-17,107.0
2022-06-18,0.0
2022-06-19,0.0
2022-06-20,0.0
2022-06-21,0.0
2022-06-22,0.0
2022-06-23,0.0
2022-06-24,0.0
2022-06-25,0.0
2022-06-26,0.0
2022-06-27,168.0
2022-06-28,0.0
2022-06-29,0.0
2022-06-30,8.0
2022-07-01,381.0
2022-07-02,46.0
2022-07-03,124.0
2022-07-04,91.0
2022-07-05,119.0
2022-07-06,404.0
2022-07-07,46.0
2022-07-08,0.0
2022-07-09,0.0
2022-07-10,109.0
2022-07-11,0.0
2022-07-12,0.0
2022-07-13,0.0
2022-07-14,48.0
2022-07-15,13.0
2022-07-16,0.0
2022-07-17,137.0
2022-07-18,30.0
2022-07-19,30.0
2022-07-20,0.0
2022-07-21,0.0
2022-07-22,142.0
2022-07-23,5.0
2022-07-24,234.0
2022-07-25,8.0
2022-07-26,5.0
2022-07-27,0.0
2022-07-28,0.0
2022-07-29,0.0
2022-07-30,140.0
2022-07-31,117.0
2022-08-01,0.0
2022-08-02,10.0
2022-08-03,91.0
2022-08-04,3.0
2022-08-05,0.0
2022-08-06,0.0
2022-08-07,13.0
2022-08-08,71.0
2022-08-09,150.0
2022-08-10,8.0
2022-08-11,163.0
2022-08-12,53.0
2022-08-13,155.0
2022-08-14,3.0
2022-08-15,0.0
2022-08-16,0.0
2022-08-17,0.0
2022-08-18,0.0
2022-08-19,0.0
2022-08-20,130.0
2022-08-21,15.0
2022-08-22,3.0
2022-08-23,559.0
2022-08-24,869.0
2022-08-25,1273.0
2022-08-26,137.0
2022-08-27,0.0
2022-08-28,0.0
2022-08-29,0.0
2022-08-30,0.0
2022-08-31,97.0
2022-09-01,0.0
2022-09-02,0.0
2022-09-03,0.0
2022-09-04,5.0
2022-09-06,0.0
2022-09-07,10.0
2022-09-08,30.0
2022-10-13,46.0
2022-10-26,64.0
2022-10-30,109.0
2022-11-05,462.0
2022-11-06,84.0
2022-11-07,94.0
2022-11-12,30.0
2022-11-15,224.0
2022-11-25,64.0
2022-11-26,13.0
2022-11-27,107.0
2022-11-30,180.0
2022-12-03,33.0
2022-12-11,20.0
2022-12-14,396.0
2022-12-15,655.0
2022-12-20,196.0
2022-12-21,58.0
2022-12-23,8.0
2022-12-29,13.0
2022-12-30,15.0
2022-12-31,363.0
2023-01-04,163.0
2023-01-08,503.0
2023-01-12,38.0
2023-01-17,300.0
2023-01-19,213.0
2023-01-21,3.0
2023-01-22,185.0
2023-01-25,335.0
2023-01-30,318.0
2023-02-01,130.0
2023-02-03,386.0
2023-02-09,221.0
2023-02-12,381.0
2023-02-17,254.0
2023-03-03,102.0
2023-03-10,30.0
2023-03-12,64.0
2023-03-13,81.0
2023-03-17,140.0
2023-03-18,25.0
2023-03-25,89.0
2023-03-26,13.0
2023-03-27,432.0
2023-04-01,127.0
2023-04-03,102.0
2023-04-06,117.0
2023-04-07,89.0
2023-04-08,254.0
2023-04-09,25.0
2023-04-14,305.0
2023-04-16,76.0
2023-04-22,81.0
2023-04-27,76.0
2023-04-30,157.0
2023-05-05,38.0
2023-05-06,30.0
2023-05-08,191.0
2023-05-10,20.0
2023-05-12,102.0
2023-05-13,25.0
2023-05-19,5.0
2023-05-27,5.0
2023-06-03,0.0
2023-06-05,5.0
2023-06-06,46.0
